Time,WR,HR,VE,BF,VO2rel,HRR,VO2,,,
8,25,132,14288.055,11,8.4852,57.8125,0.57359952,,,
9,25,133,14288.055,11,8.6837,58.59375,0.58701812,,,
10,25,134,15837.199,11,8.8822,59.375,0.60043672,,,
11,25,134,15837.199,11,9.0807,59.375,0.61385532,,,
12,25,135,15837.199,12,9.469,60.15625,0.6401044,,,
13,25,135,15837.199,12,9.9737,60.15625,0.67422212,,,
14,25,136,17150.193,12,10.4783,60.9375,0.70833308,,,
15,25,137,17150.193,13,10.8563,61.71875,0.73388588,,,
16,25,137,17150.193,13,10.7853,61.71875,0.72908628,,,
17,25,138,17150.193,13,10.7143,62.5,0.72428668,,,
18,25,138,17268.268,13,10.6433,62.5,0.71948708,,,
19,25,138,17268.268,13,10.6659,62.5,0.72101484,,,
20,25,137,17268.268,13,10.8704,61.71875,0.73483904,,,
21,25,136,17268.268,14,11.0748,60.9375,0.74865648,,,
22,25,136,17995.61,14,11.2793,60.9375,0.76248068,,,
23,25,135,17995.61,14,10.6947,60.15625,0.72296172,,,
24,25,134,17995.61,14,9.9817,59.375,0.67476292,,,
25,25,133,16918.766,14,9.2687,58.59375,0.62656412,,,
26,25,133,16918.766,15,9.2917,58.59375,0.62811892,,,
27,25,133,16918.766,15,9.6609,58.59375,0.65307684,,,
28,25,133,18014.502,15,10.0302,58.59375,0.67804152,,,
29,25,133,18014.502,16,10.1495,58.59375,0.6861062,,,
30,25,133,18014.502,16,10.0188,58.59375,0.67727088,,,
31,25,132,18354.558,17,9.888,57.8125,0.6684288,,,
32,25,132,18354.558,17,10.3212,57.8125,0.69771312,,,
33,25,131,18354.558,17,10.7779,57.03125,0.72858604,,,
34,25,131,18765.459,18,11.2346,57.03125,0.75945896,,,
35,25,129,18765.459,18,11.4447,55.46875,0.77366172,,,
36,25,128,18765.459,18,10.874,54.6875,0.7350824,,,
37,25,127,18000.333,18,10.3032,53.90625,0.69649632,,,
38,25,126,18000.333,18,9.4885,53.125,0.6414226,,,
39,25,124,18000.333,18,8.5881,51.5625,0.58055556,,,
40,25,123,17117.132,18,8.7056,50.78125,0.58849856,,,
41,25,122,17117.132,19,9.9257,50,0.67097732,,,
42,25,121,18170.361,19,11.1459,49.21875,0.75346284,,,
43,25,120,18170.361,20,9.4547,48.4375,0.63913772,,,
44,25,120,18170.361,21,5.6552,48.4375,0.38229152,,,
45,25,119,18170.361,21,5.6775,47.65625,0.383799,,,
46,25,118,18170.361,21,8.7026,46.875,0.58829576,,,
47,25,117,16729.846,21,11.185,46.09375,0.756106,,,
48,25,117,16729.846,20,10.8181,46.09375,0.73130356,,,
49,25,116,16729.846,20,10.4512,45.3125,0.70650112,,,
50,25,116,16191.424,19,10.0843,45.3125,0.68169868,,,
51,25,116,16191.424,19,9.7174,45.3125,0.65689624,,,
52,25,116,16191.424,19,10.2527,45.3125,0.69308252,,,
53,25,118,16191.424,19,11.0424,46.875,0.74646624,,,
54,25,120,16191.424,19,11.8321,48.4375,0.79984996,,,
55,25,121,17282.437,19,12.6218,49.21875,0.85323368,,,
56,25,119,17282.437,18,12.5546,47.65625,0.84869096,,,
57,25,119,17282.437,18,11.9162,47.65625,0.80553512,,,
58,25,119,15733.293,18,11.2778,47.65625,0.76237928,,,
59,25,119,15733.293,18,10.5984,47.65625,0.71645184,,,
60,25,119,15733.293,17,9.7894,47.65625,0.66176344,,,
61,25,117,15539.65,17,8.9804,46.09375,0.60707504,,,
62,25,115,15539.65,17,9.2812,44.53125,0.62740912,,,
63,25,114,15539.65,17,9.8951,43.75,0.66890876,,,
64,25,113,16290.607,17,10.509,42.96875,0.7104084,,,
65,25,111,16290.607,17,11.1229,41.40625,0.75190804,,,
66,25,110,16290.607,17,10.6196,40.625,0.71788496,,,
67,25,111,16290.607,17,10.0699,41.40625,0.68072524,,,
68,25,111,15213.763,17,9.5201,41.40625,0.64355876,,,
69,25,111,15213.763,16,9.1474,41.40625,0.61836424,,,
70,25,111,15213.763,16,9.2301,41.40625,0.62395476,,,
71,25,110,15213.763,16,9.3129,40.625,0.62955204,,,
72,25,111,16696.785,16,9.3956,41.40625,0.63514256,,,
73,25,112,16696.785,16,9.4783,42.1875,0.64073308,,,
74,25,112,16696.785,17,9.9047,42.1875,0.66955772,,,
75,25,112,16696.785,17,10.3609,42.1875,0.70039684,,,
76,25,113,16002.504,17,10.8172,42.96875,0.73124272,,,
77,25,113,16002.504,16,11.0717,42.96875,0.74844692,,,
78,25,113,16002.504,16,11.1079,42.96875,0.75089404,,,
79,25,113,15501.866,16,11.144,42.96875,0.7533344,,,
80,25,112,15501.866,16,11.1801,42.1875,0.75577476,,,
81,25,111,15501.866,17,10.6583,41.40625,0.72050108,,,
82,25,111,15501.866,17,10.0744,41.40625,0.68102944,,,
83,25,109,14996.505,17,9.7228,39.84375,0.65726128,,,
84,25,107,14996.505,17,10.5907,38.28125,0.71593132,,,
85,25,107,15596.326,17,11.4585,38.28125,0.7745946,,,
86,25,106,15596.326,17,12.3264,37.5,0.83326464,,,
87,25,105,15596.326,17,12.3332,36.71875,0.83372432,,,
88,25,106,15596.326,17,12.3043,37.5,0.83177068,,,
89,25,108,15596.326,17,12.2753,39.0625,0.82981028,,,
90,25,109,19063.008,17,12.2463,39.84375,0.82784988,,,
91,25,109,19063.008,17,12.2173,39.84375,0.82588948,,,
92,25,107,19063.008,16,12.1883,38.28125,0.82392908,,,
93,25,107,19063.008,16,11.9295,38.28125,0.8064342,,,
94,25,109,19063.008,16,10.9433,39.84375,0.73976708,,,
95,25,109,17561.094,16,9.957,39.84375,0.6730932,,,
96,25,108,17561.094,16,9.2008,39.0625,0.62197408,,,
97,25,108,17561.094,16,9.0362,39.0625,0.61084712,,,
98,25,107,17561.094,15,8.8716,38.28125,0.59972016,,,
99,25,107,17490.249,15,8.7069,38.28125,0.58858644,,,
100,25,106,17490.249,15,8.8499,37.5,0.59825324,,,
101,25,104,17490.249,16,8.9929,35.9375,0.60792004,,,
102,25,103,17358.005,16,9.1358,35.15625,0.61758008,,,
103,25,104,17358.005,16,9.1437,35.9375,0.61811412,,,
104,25,105,17358.005,16,9.1365,36.71875,0.6176274,,,
105,25,104,17306.052,16,9.1294,35.9375,0.61714744,,,
106,25,104,17306.052,16,9.1222,35.9375,0.61666072,,,
107,25,106,17306.052,16,9.4559,37.5,0.63921884,,,
108,25,108,17306.052,16,9.8546,39.0625,0.66617096,,,
109,25,110,17542.202,16,10.2533,40.625,0.69312308,,,
110,25,110,17542.202,16,10.6473,40.625,0.71975748,,,
111,25,110,17542.202,16,11.0065,40.625,0.7440394,,,
112,25,111,17542.202,16,11.3657,41.40625,0.76832132,,,
113,25,111,17967.272,16,11.7249,41.40625,0.79260324,,,
114,25,111,17967.272,15,12.0924,41.40625,0.81744624,,,
115,25,111,17967.272,15,12.4932,41.40625,0.84454032,,,
116,25,110,17967.272,15,12.8939,40.625,0.87162764,,,
117,25,110,15487.697,15,13.2947,40.625,0.89872172,,,
118,25,108,15487.697,16,13.5993,39.0625,0.91931268,,,
119,25,107,15487.697,16,13.0385,38.28125,0.8814026,,,
120,25,109,15487.697,16,12.4778,39.84375,0.84349928,,,
121,25,110,16814.86,16,11.9295,40.625,0.8064342,,,
122,25,110,16814.86,16,11.9888,40.625,0.81044288,,,
123,25,111,16814.86,16,12.0482,41.40625,0.81445832,,,
124,25,112,18132.577,16,12.1076,42.1875,0.81847376,,,
125,25,111,18132.577,16,12.167,41.40625,0.8224892,,,
126,25,112,18132.577,16,12.2625,42.1875,0.828945,,,
127,25,114,18132.577,16,12.3594,43.75,0.83549544,,,
128,25,116,18132.577,16,12.4564,45.3125,0.84205264,,,
129,25,116,20555.476,16,12.5534,45.3125,0.84860984,,,
130,25,116,20555.476,16,12.6504,45.3125,0.85516704,,,
131,25,116,20555.476,16,12.1837,45.3125,0.82361812,,,
132,25,116,20555.476,15,11.5934,45.3125,0.78371384,,,
133,25,117,19497.524,15,11.003,46.09375,0.7438028,,,
134,25,117,19497.524,15,10.9412,46.09375,0.73962512,,,
135,25,117,19497.524,15,11.1282,46.09375,0.75226632,,,
136,25,117,20621.598,15,11.3152,46.09375,0.76490752,,,
137,25,117,20621.598,15,11.5021,46.09375,0.77754196,,,
138,25,118,20621.598,15,11.6847,46.875,0.78988572,,,
139,25,119,20621.598,16,11.7985,47.65625,0.7975786,,,
140,25,120,20621.598,16,11.9122,48.4375,0.80526472,,,
141,25,120,20621.598,16,12.026,48.4375,0.8129576,,,
142,25,121,21792.902,15,12.1398,49.21875,0.82065048,,,
143,25,120,21792.902,15,12.2535,48.4375,0.8283366,,,
144,25,118,21792.902,15,12.1253,46.875,0.81967028,,,
145,25,118,21792.902,14,11.4325,46.875,0.772837,,,
146,25,117,21792.902,14,10.7397,46.09375,0.72600372,,,
147,25,116,18874.088,14,10.0468,45.3125,0.67916368,,,
148,25,114,18874.088,14,9.6129,43.75,0.64983204,,,
149,25,113,18874.088,14,9.3994,42.96875,0.63539944,,,
150,25,112,18770.182,14,9.186,42.1875,0.6209736,,,
151,25,112,18770.182,14,9.3481,42.1875,0.63193156,,,
152,25,113,18770.182,14,9.7214,42.96875,0.65716664,,,
153,25,112,17995.61,14,10.0947,42.1875,0.68240172,,,
154,25,111,17995.61,14,10.7333,41.40625,0.72557108,,,
155,25,111,17995.61,14,11.4466,41.40625,0.77379016,,,
156,25,112,17169.085,14,12.16,42.1875,0.822016,,,
157,25,112,17169.085,15,13.5221,42.1875,0.91409396,,,
158,25,112,17169.085,15,15.6458,42.1875,1.05765608,,,
159,25,113,20187.082,15,17.7695,42.96875,1.2012182,,,
160,25,112,20187.082,16,18.5332,42.1875,1.25284432,,,
161,25,112,20187.082,16,14.4748,42.1875,0.97849648,,,
162,25,112,19313.327,16,10.4976,42.1875,0.70963776,,,
163,25,111,19313.327,16,10.4964,41.40625,0.70955664,,,
164,25,110,17707.507,16,10.4953,40.625,0.70948228,,,
165,25,110,17707.507,17,10.3847,40.625,0.70200572,,,
166,25,110,17707.507,18,10.1231,40.625,0.68432156,,,
167,25,110,20961.654,19,9.8614,40.625,0.66663064,,,
168,25,109,20961.654,20,9.5998,39.84375,0.64894648,,,
169,25,109,20961.654,20,9.4078,39.84375,0.63596728,,,
170,25,109,20961.654,21,9.2333,39.84375,0.62417108,,,
171,25,109,21301.71,21,9.0587,39.84375,0.61236812,,,
172,25,110,21301.71,21,8.9044,40.625,0.60193744,,,
173,25,112,21301.71,21,9.7419,42.1875,0.65855244,,,
174,25,113,21301.71,21,10.5794,42.96875,0.71516744,,,
175,25,113,20437.401,21,11.3941,42.96875,0.77024116,,,
176,25,114,20437.401,20,11.852,43.75,0.8011952,,,
177,25,116,20437.401,20,12.31,45.3125,0.832156,,,
178,25,116,20083.176,19,12.7679,45.3125,0.86311004,,,
179,25,115,20083.176,19,12.2167,44.53125,0.82584892,,,
180,25,114,20083.176,19,11.601,43.75,0.7842276,,,
181,25,113,17065.179,20,10.9853,42.96875,0.74260628,,,
182,25,111,17065.179,20,11.096,41.40625,0.7500896,,,
183,25,111,17065.179,20,11.4116,41.40625,0.77142416,,,
184,25,111,17065.179,19,11.7271,41.40625,0.79275196,,,
185,25,111,19847.026,19,12.0427,41.40625,0.81408652,,,
186,25,111,19847.026,19,12.2026,41.40625,0.82489576,,,
187,25,112,19847.026,19,11.6534,42.1875,0.78776984,,,
188,25,114,19077.177,18,11.1041,43.75,0.75063716,,,
189,25,115,19077.177,18,10.7099,44.53125,0.72398924,,,
190,25,117,19077.177,18,10.4588,46.09375,0.70701488,,,
191,25,117,18160.915,17,10.2077,46.09375,0.69004052,,,
192,25,116,18160.915,18,10.6752,45.3125,0.72164352,,,
193,25,116,18160.915,18,11.1726,45.3125,0.75526776,,,
194,25,116,21211.973,18,11.67,45.3125,0.788892,,,
195,25,115,21211.973,18,12.1675,44.53125,0.822523,,,
196,25,113,21211.973,18,10.4408,42.96875,0.70579808,,,
197,25,113,21211.973,18,6.6611,42.96875,0.45029036,,,
198,25,112,21211.973,18,6.9834,42.1875,0.47207784,,,
199,25,112,21211.973,18,7.8652,42.1875,0.53168752,,,
200,25,112,19053.562,18,9.1528,42.1875,0.61872928,,,
201,25,112,19053.562,17,10.6315,42.1875,0.7186894,,,
202,25,112,19327.496,17,12.1101,42.1875,0.81864276,,,
203,25,112,19327.496,17,12.3312,42.1875,0.83358912,,,
204,25,113,19327.496,17,11.8448,42.96875,0.80070848,,,
205,25,114,19955.655,17,11.3584,43.75,0.76782784,,,
206,25,114,19955.655,17,10.1194,43.75,0.68407144,,,
207,25,114,19955.655,17,8.6923,43.75,0.58759948,,,
208,25,114,18260.098,18,7.5612,43.75,0.51113712,,,
209,25,114,18260.098,18,6.8391,43.75,0.46232316,,,
210,25,113,18260.098,18,6.117,42.96875,0.4135092,,,
211,25,113,18260.098,18,5.3948,42.96875,0.36468848,,,
212,25,113,17518.587,18,4.6727,42.96875,0.31587452,,,
213,25,113,17518.587,18,7.1452,42.96875,0.48301552,,,
214,25,115,17518.587,18,9.9728,44.53125,0.67416128,,,
215,25,116,18741.844,17,12.8004,45.3125,0.86530704,,,
216,25,116,18741.844,17,14.327,45.3125,0.9685052,,,
217,25,117,18741.844,17,14.1981,46.09375,0.95979156,,,
218,25,118,18741.844,17,14.0691,46.875,0.95107116,,,
219,25,118,19903.702,17,13.9402,46.875,0.94235752,,,
220,25,118,19903.702,17,13.8112,46.875,0.93363712,,,
221,25,118,19903.702,17,13.4787,46.875,0.91116012,,,
222,25,117,19903.702,16,12.841,46.09375,0.8680516,,,
223,25,117,23393.999,17,12.2032,46.09375,0.82493632,,,
224,25,117,23393.999,17,11.5654,46.09375,0.78182104,,,
225,25,117,23393.999,17,10.9277,46.09375,0.73871252,,,
226,25,117,23393.999,18,11.2249,46.09375,0.75880324,,,
227,25,118,22029.052,17,11.5819,46.875,0.78293644,,,
228,25,116,22029.052,17,11.9389,45.3125,0.80706964,,,
229,25,115,22029.052,16,11.3672,44.53125,0.76842272,,,
230,25,117,22029.052,16,10.3974,46.09375,0.70286424,,,
231,25,117,22029.052,16,9.4277,46.09375,0.63731252,,,
232,25,116,21136.405,16,9.4145,45.3125,0.6364202,,,
233,25,115,21136.405,16,9.8113,44.53125,0.66324388,,,
234,25,114,20890.809,16,10.2081,43.75,0.69006756,,,
235,25,113,20890.809,16,10.3653,42.96875,0.70069428,,,
236,25,113,20890.809,16,10.4627,42.96875,0.70727852,,,
237,25,114,22052.667,16,10.56,43.75,0.713856,,,
238,25,114,22052.667,16,11.5262,43.75,0.77917112,,,
239,25,113,22052.667,17,12.5478,42.96875,0.84823128,,,
240,25,113,24211.078,17,13.5694,42.96875,0.91729144,,,
241,25.41666667,111,24211.078,17,14.5911,41.40625,0.98635836,,,
242,25.83333333,111,24211.078,17,14.282,41.40625,0.9654632,,,
243,26.25,111,24211.078,17,13.0859,41.40625,0.88460684,,,
244,26.66666667,111,20054.838,17,11.8898,41.40625,0.80375048,,,
245,27.08333333,108,20054.838,17,11.0163,39.0625,0.74470188,,,
246,27.5,107,20054.838,17,11.0611,38.28125,0.74773036,,,
247,27.91666667,107,18793.797,17,11.106,38.28125,0.7507656,,,
248,28.33333333,106,18793.797,17,11.1051,37.5,0.75070476,,,
249,28.75,107,18793.797,17,11.0683,38.28125,0.74821708,,,
250,29.16666667,108,19861.195,18,11.0314,39.0625,0.74572264,,,
251,29.58333333,108,19861.195,18,10.9946,39.0625,0.74323496,,,
252,30,107,19861.195,18,10.7422,38.28125,0.72617272,,,
253,30.41666667,107,19861.195,18,10.4808,38.28125,0.70850208,,,
254,30.83333333,109,20272.096,18,10.2823,39.84375,0.69508348,,,
255,31.25,110,20272.096,18,10.4697,40.625,0.70775172,,,
256,31.66666667,111,20272.096,19,10.6572,41.40625,0.72042672,,,
257,32.08333333,111,20031.223,19,10.9985,41.40625,0.7434986,,,
258,32.5,111,20031.223,19,11.7778,41.40625,0.79617928,,,
259,32.91666667,111,20947.485,19,12.557,41.40625,0.8488532,,,
260,33.33333333,113,20947.485,19,13.056,42.96875,0.8825856,,,
261,33.75,113,20947.485,19,13.0108,42.96875,0.87953008,,,
262,34.16666667,114,20947.485,19,12.9657,43.75,0.87648132,,,
263,34.58333333,115,19275.543,19,12.9205,44.53125,0.8734258,,,
264,35,114,19275.543,19,12.8754,43.75,0.87037704,,,
265,35.41666667,115,19275.543,19,12.8456,44.53125,0.86836256,,,
266,35.83333333,116,19275.543,18,12.8388,45.3125,0.86790288,,,
267,36.25,117,19275.543,18,12.832,46.09375,0.8674432,,,
268,36.66666667,118,21717.334,18,12.8252,46.875,0.86698352,,,
269,37.08333333,117,21717.334,18,12.8184,46.09375,0.86652384,,,
270,37.5,116,21717.334,17,12.8117,45.3125,0.86607092,,,
271,37.91666667,116,21717.334,17,12.2105,45.3125,0.8254298,,,
272,38.33333333,118,21717.334,17,10.9653,46.875,0.74125428,,,
273,38.75,118,21717.334,17,9.7202,46.875,0.65708552,,,
274,39.16666667,118,20272.096,17,9.0332,46.875,0.61064432,,,
275,39.58333333,118,20272.096,16,9.1834,46.875,0.62079784,,,
276,40,117,20272.096,16,9.3336,46.09375,0.63095136,,,
277,40.41666667,117,19417.233,16,9.5457,46.09375,0.64528932,,,
278,40.83333333,118,19417.233,16,9.8025,46.875,0.662649,,,
279,41.25,118,19653.383,16,10.0594,46.875,0.68001544,,,
280,41.66666667,116,19653.383,16,11.074,45.3125,0.7486024,,,
281,42.08333333,116,19653.383,16,12.192,45.3125,0.8241792,,,
282,42.5,115,21334.771,16,13.3099,44.53125,0.89974924,,,
283,42.91666667,115,21334.771,16,14.0878,44.53125,0.95233528,,,
284,43.33333333,115,21334.771,16,13.6597,44.53125,0.92339572,,,
285,43.75,116,21334.771,16,13.2316,45.3125,0.89445616,,,
286,44.16666667,117,21334.771,16,12.8035,46.09375,0.8655166,,,
287,44.58333333,117,21334.771,16,12.6823,46.09375,0.85732348,,,
288,45,119,21334.771,16,12.7656,47.65625,0.86295456,,,
289,45.41666667,120,21334.771,16,12.8489,48.4375,0.86858564,,,
290,45.83333333,120,21651.212,16,12.9322,48.4375,0.87421672,,,
291,46.25,119,21651.212,16,13.0155,47.65625,0.8798478,,,
292,46.66666667,119,21651.212,15,12.7434,47.65625,0.86145384,,,
293,47.08333333,120,21651.212,15,12.2713,48.4375,0.82953988,,,
294,47.5,120,21651.212,15,11.7993,48.4375,0.79763268,,,
295,47.91666667,121,19847.026,15,11.3273,49.21875,0.76572548,,,
296,48.33333333,120,19847.026,16,11.1534,48.4375,0.75396984,,,
297,48.75,120,19847.026,16,11.1623,48.4375,0.75457148,,,
298,49.16666667,120,19847.026,16,11.1711,48.4375,0.75516636,,,
299,49.58333333,121,22288.817,16,11.18,49.21875,0.755768,,,
300,50,122,22288.817,16,11.1889,50,0.75636964,,,
301,50.41666667,123,22288.817,16,11.5826,50.78125,0.78298376,,,
302,50.83333333,123,22288.817,17,12.1412,50.78125,0.82074512,,,
303,51.25,125,22350.216,16,12.6998,52.34375,0.85850648,,,
304,51.66666667,125,22350.216,16,13.2584,52.34375,0.89626784,,,
305,52.08333333,126,22350.216,16,12.7032,53.125,0.85873632,,,
306,52.5,126,22350.216,15,12.1253,53.125,0.81967028,,,
307,52.91666667,125,21972.376,15,11.5618,52.34375,0.78157768,,,
308,53.33333333,124,21972.376,15,11.7049,51.5625,0.79125124,,,
309,53.75,123,21972.376,15,11.8479,50.78125,0.80091804,,,
310,54.16666667,123,20706.612,15,11.9826,50.78125,0.81002376,,,
311,54.58333333,122,20706.612,15,11.9172,50,0.80560272,,,
312,55,123,20706.612,15,11.8518,50.78125,0.80118168,,,
313,55.41666667,123,20253.204,15,12.0364,50.78125,0.81366064,,,
314,55.83333333,123,20253.204,15,12.6653,50.78125,0.85617428,,,
315,56.25,123,20253.204,15,13.2942,50.78125,0.89868792,,,
316,56.66666667,125,21216.696,15,13.9231,52.34375,0.94120156,,,
317,57.08333333,125,21216.696,16,14.4572,52.34375,0.97730672,,,
318,57.5,125,21216.696,16,13.9012,52.34375,0.93972112,,,
319,57.91666667,125,21216.696,16,13.3452,52.34375,0.90213552,,,
320,58.33333333,125,21178.912,16,12.7898,52.34375,0.86459048,,,
321,58.75,125,21178.912,16,12.2373,52.34375,0.82724148,,,
322,59.16666667,126,21178.912,16,11.6849,53.125,0.78989924,,,
323,59.58333333,125,20838.856,17,11.6032,52.34375,0.78437632,,,
324,60,125,20838.856,17,12.1715,52.34375,0.8227934,,,
325,60.41666667,126,21910.977,18,12.7397,53.125,0.86120372,,,
326,60.83333333,126,21910.977,19,13.1115,53.125,0.8863374,,,
327,61.25,126,21910.977,19,13.1338,53.125,0.88784488,,,
328,61.66666667,126,21910.977,19,13.1561,53.125,0.88935236,,,
329,62.08333333,126,24012.712,19,13.1784,53.125,0.89085984,,,
330,62.5,126,24012.712,19,13.2006,53.125,0.89236056,,,
331,62.91666667,127,24012.712,19,13.2732,53.90625,0.89726832,,,
332,63.33333333,127,24012.712,19,13.5239,53.90625,0.91421564,,,
333,63.75,128,24012.712,19,13.7745,54.6875,0.9311562,,,
334,64.16666667,130,24513.35,19,14.0252,56.25,0.94810352,,,
335,64.58333333,130,24513.35,18,14.2759,56.25,0.96505084,,,
336,65,130,24513.35,17,14.4298,56.25,0.97545448,,,
337,65.41666667,131,24513.35,17,14.5797,57.03125,0.98558772,,,
338,65.83333333,132,25174.57,17,14.7296,57.8125,0.99572096,,,
339,66.25,133,25174.57,17,14.8795,58.59375,1.0058542,,,
340,66.66666667,132,25174.57,16,14.8694,57.8125,1.00517144,,,
341,67.08333333,132,25174.57,16,14.7115,57.8125,0.9944974,,,
342,67.5,132,25174.57,16,14.5536,57.8125,0.98382336,,,
343,67.91666667,133,22836.685,16,14.3957,58.59375,0.97314932,,,
344,68.33333333,132,22836.685,16,15.2298,57.8125,1.02953448,,,
345,68.75,132,22836.685,16,16.253,57.8125,1.0987028,,,
346,69.16666667,132,27002.371,15,17.2761,57.8125,1.16786436,,,
347,69.58333333,132,27002.371,16,18.2992,57.8125,1.23702592,,,
348,70,132,27002.371,16,17.2885,57.8125,1.1687026,,,
349,70.41666667,133,27002.371,16,15.4868,58.59375,1.04690768,,,
350,70.83333333,133,26166.4,16,13.6851,58.59375,0.92511276,,,
351,71.25,133,26166.4,15,13.482,58.59375,0.9113832,,,
352,71.66666667,135,26166.4,15,13.5392,60.15625,0.91524992,,,
353,72.08333333,135,26308.09,15,13.5963,60.15625,0.91910988,,,
354,72.5,136,26308.09,15,14.9439,60.9375,1.01020764,,,
355,72.91666667,138,26308.09,15,16.6141,62.5,1.12311316,,,
356,73.33333333,138,27606.915,15,18.2844,62.5,1.23602544,,,
357,73.75,139,27606.915,15,18.6854,63.28125,1.26313304,,,
358,74.16666667,139,27606.915,15,16.83,63.28125,1.137708,,,
359,74.58333333,139,27295.197,15,15.0922,63.28125,1.02023272,,,
360,75,139,27295.197,16,14.4117,63.28125,0.97423092,,,
361,75.41666667,139,27295.197,16,13.7312,63.28125,0.92822912,,,
362,75.83333333,139,28546.792,17,13.0507,63.28125,0.88222732,,,
363,76.25,139,28546.792,17,12.3703,63.28125,0.83623228,,,
364,76.66666667,139,28546.792,18,12.7688,63.28125,0.86317088,,,
365,77.08333333,139,28546.792,18,13.3728,63.28125,0.90400128,,,
366,77.5,140,28546.792,18,13.9768,64.0625,0.94483168,,,
367,77.91666667,140,28990.754,18,14.5808,64.0625,0.98566208,,,
368,78.33333333,140,28990.754,18,15.2727,64.0625,1.03243452,,,
369,78.75,140,28990.754,18,16.006,64.0625,1.0820056,,,
370,79.16666667,140,24995.096,17,16.7393,64.0625,1.13157668,,,
371,79.58333333,140,24995.096,17,16.7832,64.0625,1.13454432,,,
372,80,140,24995.096,17,16.585,64.0625,1.121146,,,
373,80.41666667,139,26596.193,18,16.3867,63.28125,1.10774092,,,
374,80.83333333,139,26596.193,18,17.0356,63.28125,1.15160656,,,
375,81.25,139,26369.489,18,17.7197,63.28125,1.19785172,,,
376,81.66666667,139,26369.489,19,17.9973,63.28125,1.21661748,,,
377,82.08333333,139,26369.489,19,18.2087,63.28125,1.23090812,,,
378,82.5,139,25212.354,19,18.3133,63.28125,1.23797908,,,
379,82.91666667,139,25212.354,19,17.9311,63.28125,1.21214236,,,
380,83.33333333,139,26983.479,19,17.549,63.28125,1.1863124,,,
381,83.75,138,26983.479,19,16.794,62.5,1.1352744,,,
382,84.16666667,138,26983.479,20,15.5243,62.5,1.04944268,,,
383,84.58333333,138,25306.814,20,15.4323,62.5,1.04322348,,,
384,85,138,25306.814,20,16.4275,62.5,1.110499,,,
385,85.41666667,138,28145.337,20,17.4227,62.5,1.17777452,,,
386,85.83333333,139,28145.337,21,18.2908,63.28125,1.23645808,,,
387,86.25,139,28145.337,22,18.5795,63.28125,1.2559742,,,
388,86.66666667,140,30010.922,23,18.8683,64.0625,1.27549708,,,
389,87.08333333,140,30010.922,23,17.9889,64.0625,1.21604964,,,
390,87.5,141,30010.922,23,16.3934,64.84375,1.10819384,,,
391,87.91666667,141,30776.048,23,14.7979,64.84375,1.00033804,,,
392,88.33333333,142,30776.048,23,13.2024,65.625,0.89248224,,,
393,88.75,142,30776.048,23,14.8647,65.625,1.00485372,,,
394,89.16666667,142,30776.048,23,17.4458,65.625,1.17933608,,,
395,89.58333333,143,32084.319,23,20.0269,66.40625,1.35381844,,,
396,90,144,32084.319,22,20.8908,67.1875,1.41221808,,,
397,90.41666667,144,32084.319,22,19.569,67.1875,1.3228644,,,
398,90.83333333,144,30818.555,21,18.2472,67.1875,1.23351072,,,
399,91.25,145,30818.555,21,16.6203,67.96875,1.12353228,,,
400,91.66666667,145,30818.555,20,14.8972,67.96875,1.00705072,,,
401,92.08333333,145,30232.903,20,15.4265,67.96875,1.0428314,,,
402,92.5,145,30232.903,20,16.2061,67.96875,1.09553236,,,
403,92.91666667,145,31834,21,17.1032,67.96875,1.15617632,,,
404,93.33333333,146,31834,21,18.046,68.75,1.2199096,,,
405,93.75,146,30700.48,21,18.9887,68.75,1.28363612,,,
406,94.16666667,147,30700.48,21,19.3122,69.53125,1.30550472,,,
407,94.58333333,147,30700.48,21,19.418,69.53125,1.3126568,,,
408,95,148,31465.606,21,19.319,70.3125,1.3059644,,,
409,95.41666667,148,31465.606,21,18.2864,70.3125,1.23616064,,,
410,95.83333333,148,31390.038,22,17.3133,70.3125,1.17037908,,,
411,96.25,148,31390.038,22,17.0242,70.3125,1.15083592,,,
412,96.66666667,148,31597.85,22,16.7351,70.3125,1.13129276,,,
413,97.08333333,147,31597.85,23,16.46,69.53125,1.112696,,,
414,97.5,147,31597.85,24,16.2413,69.53125,1.09791188,,,
415,97.91666667,147,31597.85,24,16.0226,69.53125,1.08312776,,,
416,98.33333333,147,37137.929,24,15.8039,69.53125,1.06834364,,,
417,98.75,146,37137.929,24,15.5852,68.75,1.05355952,,,
418,99.16666667,146,37137.929,24,15.3665,68.75,1.0387754,,,
419,99.58333333,146,37137.929,23,15.418,68.75,1.0422568,,,
420,100,146,37137.929,23,15.7189,68.75,1.06259764,,,
421,100.4166667,146,34143.547,23,16.0198,68.75,1.08293848,,,
422,100.8333333,147,34143.547,21,16.7827,69.53125,1.13451052,,,
423,101.25,147,34143.547,20,18.7333,69.53125,1.26637108,,,
424,101.6666667,148,33935.735,20,20.684,70.3125,1.3982384,,,
425,102.0833333,148,33935.735,19,20.7871,70.3125,1.40520796,,,
426,102.5,149,33935.735,19,20.0208,71.09375,1.35340608,,,
427,102.9166667,148,32660.525,19,19.6979,70.3125,1.33157804,,,
428,103.3333333,148,32660.525,19,19.6246,70.3125,1.32662296,,,
429,103.75,148,32240.178,19,19.4495,70.3125,1.3147862,,,
430,104.1666667,148,32240.178,20,19.0933,70.3125,1.29070708,,,
431,104.5833333,147,32764.431,20,18.7371,69.53125,1.26662796,,,
432,105,147,32764.431,20,19.0345,69.53125,1.2867322,,,
433,105.4166667,148,32764.431,20,19.3592,70.3125,1.30868192,,,
434,105.8333333,148,32443.267,20,19.8974,70.3125,1.34506424,,,
435,106.25,148,32443.267,20,20.6864,70.3125,1.39840064,,,
436,106.6666667,149,29368.594,20,21.4753,71.09375,1.45173028,,,
437,107.0833333,149,29368.594,20,20.8056,71.09375,1.40645856,,,
438,107.5,149,29368.594,21,19.9737,71.09375,1.35022212,,,
439,107.9166667,149,33685.416,22,19.1419,71.09375,1.29399244,,,
440,108.3333333,150,33685.416,23,19.0301,71.875,1.28643476,,,
441,108.75,150,33685.416,24,19.1456,71.875,1.29424256,,,
442,109.1666667,150,33368.975,24,19.2861,71.875,1.30374036,,,
443,109.5833333,150,33368.975,24,19.5408,71.875,1.32095808,,,
444,110,151,34828.382,24,19.7954,72.65625,1.33816904,,,
445,110.4166667,151,34828.382,24,19.0647,72.65625,1.28877372,,,
446,110.8333333,151,34828.382,23,17.1773,72.65625,1.16118548,,,
447,111.25,152,34256.899,23,15.2899,73.4375,1.03359724,,,
448,111.6666667,152,34256.899,23,15.5247,73.4375,1.04946972,,,
449,112.0833333,152,34256.899,23,17.7185,73.4375,1.1977706,,,
450,112.5,153,33539.003,23,19.8598,74.21875,1.34252248,,,
451,112.9166667,153,33539.003,22,21.1801,74.21875,1.43177476,,,
452,113.3333333,153,34965.349,22,22.5005,74.21875,1.5210338,,,
453,113.75,154,34965.349,22,22.2548,75,1.50442448,,,
454,114.1666667,154,34965.349,22,21.0493,75,1.42293268,,,
455,114.5833333,154,33548.449,22,20.7226,75,1.40084776,,,
456,115,154,32471.605,23,20.6734,75,1.39752184,,,
457,115.4166667,155,32471.605,23,21.0414,75.78125,1.42239864,,,
458,115.8333333,155,32471.605,23,21.5412,75.78125,1.45618512,,,
459,116.25,155,33524.834,24,21.5554,75.78125,1.45714504,,,
460,116.6666667,155,33524.834,24,20.8992,75.78125,1.41278592,,,
461,117.0833333,155,34086.871,25,20.5705,75.78125,1.3905658,,,
462,117.5,155,34086.871,25,21.084,75.78125,1.4252784,,,
463,117.9166667,155,36013.855,26,21.5308,75.78125,1.45548208,,,
464,118.3333333,155,36013.855,26,21.4891,75.78125,1.45266316,,,
465,118.75,155,38649.289,26,21.4473,75.78125,1.44983748,,,
466,119.1666667,155,38649.289,27,19.7489,75.78125,1.33502564,,,
467,119.5833333,155,37331.572,27,17.035,75.78125,1.151566,,,
468,120,155,37331.572,28,17.2726,75.78125,1.16762776,,,
469,120.4166667,155,37331.572,28,20.4616,75.78125,1.38320416,,,
470,120.8333333,155,38091.975,28,21.3966,75.78125,1.44641016,,,
471,121.25,155,38091.975,28,20.8289,75.78125,1.40803364,,,
472,121.6666667,155,38842.932,28,20.6325,75.78125,1.394757,,,
473,122.0833333,155,38842.932,28,21.1566,75.78125,1.43018616,,,
474,122.5,156,38961.007,27,21.6807,76.5625,1.46561532,,,
475,122.9166667,156,38961.007,27,21.8899,76.5625,1.47975724,,,
476,123.3333333,156,38125.036,27,22.0478,76.5625,1.49043128,,,
477,123.75,157,38125.036,27,22.1769,77.34375,1.49915844,,,
478,124.1666667,157,38125.036,27,22.3004,77.34375,1.50750704,,,
479,124.5833333,157,41369.737,27,22.4239,77.34375,1.51585564,,,
480,125,157,41369.737,26,22.1253,77.34375,1.49567028,,,
481,125.4166667,157,41369.737,26,21.331,77.34375,1.4419756,,,
482,125.8333333,157,41369.737,26,20.5368,77.34375,1.38828768,,,
483,126.25,157,41256.385,26,19.7426,77.34375,1.33459976,,,
484,126.6666667,157,41256.385,25,19.3558,77.34375,1.30845208,,,
485,127.0833333,157,38828.763,24,19.0977,77.34375,1.29100452,,,
486,127.5,157,38828.763,23,19.2099,77.34375,1.29858924,,,
487,127.9166667,157,38649.289,23,19.5536,77.34375,1.32182336,,,
488,128.3333333,157,38649.289,23,21.2734,77.34375,1.43808184,,,
489,128.75,157,40340.123,23,22.9932,77.34375,1.55434032,,,
490,129.1666667,158,40340.123,24,22.8615,78.125,1.5454374,,,
491,129.5833333,158,40340.123,24,20.8785,78.125,1.4113866,,,
492,130,158,40325.954,23,18.8955,78.125,1.2773358,,,
493,130.4166667,159,40325.954,23,18.8078,78.90625,1.27140728,,,
494,130.8333333,159,40325.954,23,20.7734,78.90625,1.40428184,,,
495,131.25,159,40954.113,23,22.7391,78.90625,1.53716316,,,
496,131.6666667,160,40954.113,22,24.1868,79.6875,1.63502768,,,
497,132.0833333,160,40954.113,22,23.9945,79.6875,1.6220282,,,
498,132.5,160,37227.666,22,23.8744,79.6875,1.61390944,,,
499,132.9166667,160,37227.666,22,23.8721,79.6875,1.61375396,,,
500,133.3333333,160,36585.338,22,23.9099,79.6875,1.61630924,,,
501,133.75,160,36585.338,24,23.9666,79.6875,1.62014216,,,
502,134.1666667,161,40278.724,25,24.2533,80.46875,1.63952308,,,
503,134.5833333,161,40278.724,25,24.789,80.46875,1.6757364,,,
504,135,160,44666.391,26,25.3247,79.6875,1.71194972,,,
505,135.4166667,161,44666.391,25,24.2695,80.46875,1.6406182,,,
506,135.8333333,161,44666.391,25,22.5324,80.46875,1.52319024,,,
507,136.25,161,41799.53,25,22.0498,80.46875,1.49056648,,,
508,136.6666667,161,41799.53,25,22.1048,80.46875,1.49428448,,,
509,137.0833333,161,42616.609,24,22.2289,80.46875,1.50267364,,,
510,137.5,161,42616.609,25,22.3954,80.46875,1.51392904,,,
511,137.9166667,161,42314.337,26,22.2893,80.46875,1.50675668,,,
512,138.3333333,161,42314.337,27,22.0299,80.46875,1.48922124,,,
513,138.75,161,44392.457,28,21.8982,80.46875,1.48031832,,,
514,139.1666667,161,44392.457,28,22.095,80.46875,1.493622,,,
515,139.5833333,162,43627.331,28,22.2917,81.25,1.50691892,,,
516,140,162,43627.331,28,22.8853,81.25,1.54704628,,,
517,140.4166667,162,43627.331,27,23.5331,81.25,1.59083756,,,
518,140.8333333,162,44557.762,27,23.883,81.25,1.6144908,,,
519,141.25,162,44557.762,26,23.5377,81.25,1.59114852,,,
520,141.6666667,162,40873.822,26,23.1924,81.25,1.56780624,,,
521,142.0833333,162,40873.822,26,22.9312,81.25,1.55014912,,,
522,142.5,163,41742.854,26,22.6701,82.03125,1.53249876,,,
523,142.9166667,163,41742.854,27,23.0314,82.03125,1.55692264,,,
524,143.3333333,163,41638.948,27,23.4469,82.03125,1.58501044,,,
525,143.75,163,41638.948,27,23.7775,82.03125,1.607359,,,
526,144.1666667,163,41638.948,27,24.1045,82.03125,1.6294642,,,
527,144.5833333,164,46900.37,27,24.4316,82.8125,1.65157616,,,
528,145,164,46900.37,26,23.7803,82.8125,1.60754828,,,
529,145.4166667,164,46900.37,26,22.1506,82.8125,1.49738056,,,
530,145.8333333,165,43362.843,25,21.4583,83.59375,1.45058108,,,
531,146.25,165,43362.843,25,23.1765,83.59375,1.5667314,,,
532,146.6666667,165,45082.015,24,24.8947,83.59375,1.68288172,,,
533,147.0833333,166,45082.015,24,24.934,84.375,1.6855384,,,
534,147.5,166,45082.015,25,24.6536,84.375,1.66658336,,,
535,147.9166667,167,45048.954,25,24.3465,85.15625,1.6458234,,,
536,148.3333333,167,45048.954,24,23.3992,85.15625,1.58178592,,,
537,148.75,167,45048.954,24,22.4519,85.15625,1.51774844,,,
538,149.1666667,167,45743.235,24,21.5047,85.15625,1.45371772,,,
539,149.5833333,167,45743.235,24,21.613,85.15625,1.4610388,,,
540,150,167,45743.235,24,22.6205,85.15625,1.5291458,,,
541,150.4166667,167,44420.795,23,23.628,85.15625,1.5972528,,,
542,150.8333333,167,44420.795,23,24.4405,85.15625,1.6521778,,,
543,151.25,167,44420.795,22,25.1772,85.15625,1.70197872,,,
544,151.6666667,167,45587.376,22,25.9139,85.15625,1.75177964,,,
545,152.0833333,167,45587.376,21,25.782,85.15625,1.7428632,,,
546,152.5,167,45587.376,21,24.8482,85.15625,1.67973832,,,
547,152.9166667,167,45587.376,21,23.9145,85.15625,1.6166202,,,
548,153.3333333,167,43258.937,21,22.9807,85.15625,1.55349532,,,
549,153.75,167,43258.937,20,23.5092,85.15625,1.58922192,,,
550,154.1666667,167,43258.937,20,24.2756,85.15625,1.64103056,,,
551,154.5833333,167,45436.24,20,25.0421,85.15625,1.69284596,,,
552,155,167,45436.24,20,25.7112,85.15625,1.73807712,,,
553,155.4166667,167,45436.24,20,26.3528,85.15625,1.78144928,,,
554,155.8333333,166,43957.941,20,26.1557,84.375,1.76812532,,,
555,156.25,166,43957.941,19,25.564,84.375,1.7281264,,,
556,156.6666667,166,42626.055,19,25.7871,84.375,1.74320796,,,
557,157.0833333,166,42626.055,20,26.1654,84.375,1.76878104,,,
558,157.5,166,42975.557,20,26.4068,84.375,1.78509968,,,
559,157.9166667,166,42975.557,21,26.605,84.375,1.798498,,,
560,158.3333333,167,45228.428,21,26.1521,85.15625,1.76788196,,,
561,158.75,167,45228.428,22,25.3928,85.15625,1.71655328,,,
562,159.1666667,167,44444.41,23,25.6486,85.15625,1.73384536,,,
563,159.5833333,167,44444.41,23,26.1272,85.15625,1.76619872,,,
564,160,168,47056.229,24,26.6059,85.9375,1.79855884,,,
565,160.4166667,168,47056.229,25,26.5824,85.9375,1.79697024,,,
566,160.8333333,168,45535.423,26,26.4172,85.9375,1.78580272,,,
567,161.25,168,45535.423,27,25.9575,85.9375,1.754727,,,
568,161.6666667,169,48643.157,27,25.479,86.71875,1.7223804,,,
569,162.0833333,169,48643.157,28,25.903,86.71875,1.7510428,,,
570,162.5,169,48643.157,28,26.9806,86.71875,1.82388856,,,
571,162.9166667,169,49672.771,28,27.3068,86.71875,1.84593968,,,
572,163.3333333,169,49672.771,28,26.751,86.71875,1.8083676,,,
573,163.75,169,50867.69,28,26.1951,86.71875,1.77078876,,,
574,164.1666667,169,50867.69,27,26.8539,86.71875,1.81532364,,,
575,164.5833333,169,50867.69,27,27.8554,86.71875,1.88302504,,,
576,165,169,51203.023,27,28.0994,86.71875,1.89951944,,,
577,165.4166667,169,51203.023,26,27.6443,86.71875,1.86875468,,,
578,165.8333333,169,51084.948,26,27.3662,86.71875,1.84995512,,,
579,166.25,169,51084.948,26,27.5431,86.71875,1.86191356,,,
580,166.6666667,169,48737.617,26,27.67,86.71875,1.870492,,,
581,167.0833333,169,48737.617,26,27.43,86.71875,1.854268,,,
582,167.5,169,52251.529,26,27.1814,86.71875,1.83746264,,,
583,167.9166667,169,52251.529,26,26.8347,86.71875,1.81402572,,,
584,168.3333333,169,51151.07,27,26.488,86.71875,1.7905888,,,
585,168.75,169,51151.07,27,25.9782,86.71875,1.75612632,,,
586,169.1666667,169,50489.85,26,25.6462,86.71875,1.73368312,,,
587,169.5833333,169,50489.85,27,26.5968,86.71875,1.79794368,,,
588,170,169,50088.395,27,27.5473,86.71875,1.86219748,,,
589,170.4166667,169,50088.395,27,27.5276,86.71875,1.86086576,,,
590,170.8333333,169,50088.395,28,27.3756,86.71875,1.85059056,,,
591,171.25,170,53200.852,28,27.2236,87.5,1.84031536,,,
592,171.6666667,169,53200.852,28,26.7033,86.71875,1.80514308,,,
593,172.0833333,169,53200.852,28,25.9376,86.71875,1.75338176,,,
594,172.5,169,50929.089,27,25.1718,86.71875,1.70161368,,,
595,172.9166667,170,50929.089,26,24.406,87.5,1.6498456,,,
596,173.3333333,169,50929.089,25,25.2782,86.71875,1.70880632,,,
597,173.75,169,50929.089,25,26.417,86.71875,1.7857892,,,
598,174.1666667,169,50225.362,25,27.5558,86.71875,1.86277208,,,
599,174.5833333,170,50225.362,24,28.0338,87.5,1.89508488,,,
600,175,169,50225.362,23,28.107,86.71875,1.9000332,,,
601,175.4166667,169,50437.897,23,28.1801,86.71875,1.90497476,,,
602,175.8333333,169,50437.897,22,28.7828,86.71875,1.94571728,,,
603,176.25,169,50437.897,22,29.6833,86.71875,2.00659108,,,
604,176.6666667,169,49044.612,22,30.2786,86.71875,2.04683336,,,
605,177.0833333,169,49044.612,22,30.7774,86.71875,2.08055224,,,
606,177.5,170,50792.122,22,31.2073,87.5,2.10961348,,,
607,177.9166667,170,50792.122,22,31.595,87.5,2.135822,,,
608,178.3333333,169,50626.817,22,32.0088,86.71875,2.16379488,,,
609,178.75,169,50069.503,22,32.4275,86.71875,2.192099,,,
610,179.1666667,170,50069.503,22,31.4104,87.5,2.12334304,,,
611,179.5833333,170,50069.503,22,29.1702,87.5,1.97190552,,,
612,180,170,52865.519,23,29.0349,87.5,1.96275924,,,
613,180.4166667,170,52865.519,23,30.5536,87.5,2.06542336,,,
614,180.8333333,171,54853.902,24,31.0865,88.28125,2.1014474,,,
615,181.25,171,54853.902,26,30.5517,88.28125,2.06529492,,,
616,181.6666667,171,56162.173,27,29.9984,88.28125,2.02789184,,,
617,182.0833333,171,56162.173,28,29.3321,88.28125,1.98284996,,,
618,182.5,171,57678.256,29,29.35,88.28125,1.98406,,,
619,182.9166667,171,57678.256,29,30.6959,88.28125,2.07504284,,,
620,183.3333333,172,58670.086,29,31.0015,89.0625,2.0957014,,,
621,183.75,172,58670.086,29,30.2667,89.0625,2.04602892,,,
622,184.1666667,172,62524.054,30,29.5319,89.0625,1.99635644,,,
623,184.5833333,172,62524.054,29,28.6015,89.0625,1.9334614,,,
624,185,172,57706.594,29,27.7019,89.0625,1.87264844,,,
625,185.4166667,172,57706.594,29,27.0412,89.0625,1.82798512,,,
626,185.8333333,172,57465.721,29,27.0355,89.0625,1.8275998,,,
627,186.25,172,57465.721,29,28.8941,89.0625,1.95324116,,,
628,186.6666667,172,56459.722,29,30.7527,89.0625,2.07888252,,,
629,187.0833333,172,56459.722,29,31.2794,89.0625,2.11448744,,,
630,187.5,172,57626.303,29,31.8061,89.0625,2.15009236,,,
631,187.9166667,172,57626.303,29,32.0808,89.0625,2.16866208,,,
632,188.3333333,172,58939.297,29,32.185,89.0625,2.175706,,,
633,188.75,172,58939.297,29,31.901,89.0625,2.1565076,,,
634,189.1666667,172,58112.772,30,31.5007,89.0625,2.12944732,,,
635,189.5833333,172,58112.772,30,30.9639,89.0625,2.09315964,,,
636,190,172,55737.103,30,30.3636,89.0625,2.05257936,,,
637,190.4166667,172,55737.103,30,29.6282,89.0625,2.00286632,,,
638,190.8333333,172,61650.299,30,28.8927,89.0625,1.95314652,,,
639,191.25,173,61650.299,30,27.7513,89.84375,1.87598788,,,
640,191.6666667,173,61650.299,30,26.3393,89.84375,1.78053668,,,
641,192.0833333,173,60063.371,30,24.9272,89.84375,1.68507872,,,
642,192.5,173,60063.371,29,28.3297,89.84375,1.91508772,,,
643,192.9166667,173,59142.386,28,32.2672,89.84375,2.18126272,,,
644,193.3333333,173,59142.386,28,34.3963,89.84375,2.32518988,,,
645,193.75,173,58835.391,28,36.4501,89.84375,2.46402676,,,
646,194.1666667,174,58835.391,28,34.9595,90.625,2.3632622,,,
647,194.5833333,174,59203.785,28,32.4692,90.625,2.19491792,,,
648,195,174,59203.785,28,32.7826,90.625,2.21610376,,,
649,195.4166667,174,60167.277,27,33.4782,90.625,2.26312632,,,
650,195.8333333,174,60167.277,27,33.108,90.625,2.2381008,,,
651,196.25,175,60521.502,27,32.6452,91.40625,2.20681552,,,
652,196.6666667,175,60521.502,27,32.3144,91.40625,2.18445344,,,
653,197.0833333,175,60521.502,27,32.0403,91.40625,2.16592428,,,
654,197.5,175,60455.38,27,31.7662,91.40625,2.14739512,,,
655,197.9166667,175,60455.38,27,32.7064,91.40625,2.21095264,,,
656,198.3333333,175,61796.712,27,33.3069,91.40625,2.25154644,,,
657,198.75,175,61796.712,27,32.753,91.40625,2.2141028,,,
658,199.1666667,175,63567.837,27,32.7396,91.40625,2.21319696,,,
659,199.5833333,175,63567.837,28,33.3119,91.40625,2.25188444,,,
660,200,176,64011.799,29,33.5141,92.1875,2.26555316,,,
661,200.4166667,176,64011.799,29,32.2364,92.1875,2.17918064,,,
662,200.8333333,176,65896.276,29,30.9587,92.1875,2.09280812,,,
663,201.25,175,65896.276,28,30.9714,91.40625,2.09366664,,,
664,201.6666667,175,63341.133,28,31.4376,91.40625,2.12518176,,,
665,202.0833333,176,63341.133,28,32.2058,92.1875,2.17711208,,,
666,202.5,176,63341.133,28,33.0801,92.1875,2.23621476,,,
667,202.9166667,176,63407.255,27,34.0228,92.1875,2.29994128,,,
668,203.3333333,176,63156.936,28,34.8677,92.1875,2.35705652,,,
669,203.75,176,63156.936,29,34.3912,92.1875,2.32484512,,,
670,204.1666667,177,67823.26,29,33.9147,92.96875,2.29263372,,,
671,204.5833333,177,67823.26,30,33.3939,92.96875,2.25742764,,,
672,205,177,67261.223,30,32.8634,92.96875,2.22156584,,,
673,205.4166667,177,67261.223,29,31.2982,92.96875,2.11575832,,,
674,205.8333333,177,67261.223,29,28.7777,92.96875,1.94537252,,,
675,206.25,177,63204.166,28,29.9634,92.96875,2.02552584,,,
676,206.6666667,177,61881.726,28,34.3062,92.96875,2.31909912,,,
677,207.0833333,177,61881.726,29,35.2427,92.96875,2.38240652,,,
678,207.5,177,65707.356,30,35.9619,92.96875,2.43102444,,,
679,207.9166667,177,65707.356,30,34.6297,92.96875,2.34096772,,,
680,208.3333333,177,67081.749,30,33.2121,92.96875,2.24513796,,,
681,208.75,177,67081.749,30,32.8115,92.96875,2.2180574,,,
682,209.1666667,177,64597.451,30,32.7683,92.96875,2.21513708,,,
683,209.5833333,177,64597.451,30,32.979,92.96875,2.2293804,,,
684,210,177,62051.754,30,33.2526,92.96875,2.24787576,,,
685,210.4166667,177,62051.754,30,33.72,92.96875,2.279472,,,
686,210.8333333,177,63119.152,30,34.0989,92.96875,2.30508564,,,
687,211.25,177,63119.152,31,34.3453,92.96875,2.32174228,,,
688,211.6666667,177,67445.42,31,34.4282,92.96875,2.32734632,,,
689,212.0833333,178,67445.42,32,34.3342,93.75,2.32099192,,,
690,212.5,178,69939.164,32,34.1248,93.75,2.30683648,,,
691,212.9166667,178,69939.164,32,33.7686,93.75,2.28275736,,,
692,213.3333333,178,67927.166,32,33.7691,93.75,2.28279116,,,
693,213.75,178,67927.166,31,34.156,93.75,2.3089456,,,
694,214.1666667,179,66661.402,31,34.3602,94.53125,2.32274952,,,
695,214.5833333,178,66661.402,31,34.2395,93.75,2.3145902,,,
696,215,179,69679.399,31,34.1188,94.53125,2.30643088,,,
697,215.4166667,178,69679.399,31,32.273,93.75,2.1816548,,,
698,215.8333333,178,68574.217,31,30.392,93.75,2.0544992,,,
699,216.25,178,68574.217,30,28.5109,93.75,1.92733684,,,
700,216.6666667,178,68574.217,30,30.6837,93.75,2.07421812,,,
701,217.0833333,178,68574.217,29,33.0254,93.75,2.23251704,,,
702,217.5,178,67587.11,29,35.2018,93.75,2.37964168,,,
703,217.9166667,178,67587.11,28,35.4779,93.75,2.39830604,,,
704,218.3333333,177,66486.651,26,35.7539,92.96875,2.41696364,,,
705,218.75,177,66486.651,25,38.0795,92.96875,2.5741742,,,
706,219.1666667,177,64318.794,25,39.9892,92.96875,2.70326992,,,
707,219.5833333,177,64318.794,25,38.8297,92.96875,2.62488772,,,
708,220,176,65995.459,26,38.1642,92.1875,2.57989992,,,
709,220.4166667,177,66189.102,26,37.8867,92.96875,2.56114092,,,
710,220.8333333,177,66189.102,26,36.8593,92.96875,2.49168868,,,
711,221.25,177,67993.288,27,35.7667,92.96875,2.41782892,,,
712,221.6666667,177,67993.288,27,35.4583,92.96875,2.39698108,,,
713,222.0833333,178,67898.828,27,35.6305,93.75,2.4086218,,,
714,222.5,178,67898.828,28,36.5639,93.75,2.47171964,,,
715,222.9166667,178,70652.337,29,37.2499,93.75,2.51809324,,,
716,223.3333333,178,70652.337,30,37.2316,93.75,2.51685616,,,
717,223.75,178,74095.404,32,36.4857,93.75,2.46643332,,,
718,224.1666667,179,74095.404,33,35.1198,94.53125,2.37409848,,,
719,224.5833333,179,76282.153,34,34.7096,94.53125,2.34636896,,,
720,225,179,76282.153,34,35.9983,94.53125,2.43348508,,,
721,225.4166667,180,73429.461,33,36.2239,95.3125,2.44873564,,,
722,225.8333333,179,73429.461,33,35.6144,94.53125,2.40753344,,,
723,226.25,180,74326.831,32,34.1827,95.3125,2.31075052,,,
724,226.6666667,179,74326.831,32,32.2473,94.53125,2.17991748,,,
725,227.0833333,180,73665.611,32,31.5202,95.3125,2.13076552,,,
726,227.5,180,73665.611,31,36.2986,95.3125,2.45378536,,,
727,227.9166667,180,73212.203,31,35.4204,95.3125,2.39441904,,,
728,228.3333333,180,71152.975,31,33.9411,95.3125,2.29441836,,,
729,228.75,180,71152.975,32,39.1977,95.3125,2.64976452,,,
730,229.1666667,180,70246.159,32,39.1517,95.3125,2.64665492,,,
731,229.5833333,180,71289.942,32,37.7801,95.3125,2.55393476,,,
732,230,180,71289.942,33,38.8437,95.3125,2.62583412,,,
733,230.4166667,180,73882.869,33,40.429,95.3125,2.7330004,,,
734,230.8333333,180,73882.869,33,39.4273,95.3125,2.66528548,,,
735,231.25,180,73802.578,33,38.0627,95.3125,2.57303852,,,
736,231.6666667,180,73802.578,34,36.1061,95.3125,2.44077236,,,
737,232.0833333,180,73042.175,34,35.4986,95.3125,2.39970536,,,
738,232.5,180,76598.594,35,35.803,95.3125,2.4202828,,,
739,232.9166667,181,76598.594,37,37.4038,96.09375,2.52849688,,,
740,233.3333333,181,78525.578,37,37.6701,96.09375,2.54649876,,,
741,233.75,181,78525.578,37,37.1184,96.09375,2.50920384,,,
742,234.1666667,181,78001.325,37,36.849,96.09375,2.4909924,,,
743,234.5833333,181,77864.358,36,36.7124,96.09375,2.48175824,,,
744,235,182,77864.358,35,36.9572,96.875,2.49830672,,,
745,235.4166667,181,77864.358,35,37.4165,96.09375,2.5293554,,,
746,235.8333333,181,77004.772,34,38.2429,96.09375,2.58522004,,,
747,236.25,181,77004.772,34,39.8494,96.09375,2.69381944,,,
748,236.6666667,181,75691.778,34,39.6825,96.09375,2.682537,,,
749,237.0833333,181,75691.778,33,37.2586,96.09375,2.51868136,,,
750,237.5,181,74709.394,33,38.8679,96.09375,2.62747004,,,
751,237.9166667,181,75134.464,32,40.1605,96.09375,2.7148498,,,
752,238.3333333,181,75134.464,32,38.0175,96.09375,2.569983,,,
753,238.75,181,75989.327,32,35.5034,96.09375,2.40002984,,,
754,239.1666667,181,76400.228,32,32.6181,96.09375,2.20498356,,,
755,239.5833333,181,76400.228,32,30.4415,96.09375,2.0578454,,,
756,240,181,76400.228,32,32.6175,96.09375,2.204943,,,
757,240.4166667,182,71880.317,32,34.7936,96.875,2.35204736,,,
758,240.8333333,182,71880.317,31,40.0472,96.875,2.70719072,,,
759,241.25,182,71478.862,30,43.2824,96.875,2.92589024,,,
760,241.6666667,182,71478.862,31,41.3366,96.875,2.79435416,,,
761,242.0833333,182,74676.333,31,40.7617,96.875,2.75549092,,,
762,242.5,182,74610.211,32,40.4066,96.875,2.73148616,,,
763,242.9166667,182,74610.211,33,38.5435,96.875,2.6055406,,,
764,243.3333333,182,75710.67,33,39.0665,96.875,2.6408954,,,
765,243.75,182,76532.472,33,40.6576,96.875,2.74845376,,,
766,244.1666667,182,76532.472,33,39.5647,96.875,2.67457372,,,
767,244.5833333,182,78643.653,34,38.7004,96.875,2.61614704,,,
768,245,182,78643.653,33,39.5127,96.875,2.67105852,,,
769,245.4166667,182,83428.052,34,40.2217,96.875,2.71898692,,,
770,245.8333333,182,85218.069,35,40.8274,96.875,2.75993224,,,
771,246.25,182,85218.069,37,39.8895,96.875,2.6965302,,,
772,246.6666667,182,84443.497,37,39.4753,96.875,2.66853028,,,
773,247.0833333,182,85959.58,37,39.6047,96.875,2.67727772,,,
774,247.5,182,85959.58,37,39.6279,96.875,2.67884604,,,
775,247.9166667,182,86327.974,37,39.3628,96.875,2.66092528,,,
776,248.3333333,183,85553.402,38,38.9209,97.65625,2.63105284,,,
777,248.75,182,85553.402,38,40.1328,96.875,2.71297728,,,
778,249.1666667,182,83102.165,38,41.5151,96.875,2.80642076,,,
779,249.5833333,183,83102.165,38,40.7411,97.65625,2.75409836,,,
780,250,183,84056.211,38,39.5314,97.65625,2.67232264,,,
781,250.4166667,182,85355.036,38,38.6416,96.875,2.61217216,,,
782,250.8333333,183,85355.036,38,40.0116,97.65625,2.70478416,,,
783,251.25,182,84911.074,39,40.6159,96.875,2.74563484,,,
784,251.6666667,183,87730.705,39,41.0042,97.65625,2.77188392,,,
785,252.0833333,183,87730.705,39,38.7578,97.65625,2.62002728,,,
786,252.5,183,86601.908,38,37.5071,97.65625,2.53547996,,,
787,252.9166667,183,85959.58,38,37.6812,97.65625,2.54724912,,,
788,253.3333333,183,85959.58,37,39.6823,97.65625,2.68252348,,,
789,253.75,183,88113.268,38,42.1402,97.65625,2.84867752,,,
790,254.1666667,183,88113.268,38,39.2837,97.65625,2.65557812,,,
791,254.5833333,183,86143.777,38,37.4171,97.65625,2.52939596,,,
792,255,183,85454.219,37,38.131,97.65625,2.5776556,,,
793,255.4166667,183,85454.219,37,40.2705,97.65625,2.7222858,,,
794,255.8333333,183,84627.694,37,40.1464,97.65625,2.71389664,,,
795,256.25,183,81326.317,37,37.4359,97.65625,2.53066684,,,
796,256.6666667,183,81326.317,37,37.5506,97.65625,2.53842056,,,
797,257.0833333,183,82285.086,38,38.462,97.65625,2.6000312,,,
798,257.5,183,82285.086,37,41.0834,97.65625,2.77723784,,,
799,257.9166667,183,81689.988,37,41.0929,97.65625,2.77788004,,,
800,258.3333333,183,80887.078,37,39.6,97.65625,2.67696,,,
801,258.75,183,81090.167,38,41.8979,97.65625,2.83229804,,,
802,259.1666667,183,82445.668,40,45.3112,97.65625,3.06303712,,,
803,259.5833333,183,82445.668,42,42.5284,97.65625,2.87491984,,,
804,260,183,85355.036,42,40.931,97.65625,2.7669356,,,
805,260.4166667,183,85099.994,42,40.3515,97.65625,2.7277614,,,
806,260.8333333,184,85099.994,42,38.3745,98.4375,2.5941162,,,
807,261.25,184,85048.041,43,39.9137,98.4375,2.69816612,,,
808,261.6666667,184,87957.409,44,45.9281,98.4375,3.10473956,,,
809,262.0833333,184,87957.409,44,43.734,98.4375,2.9564184,,,
810,262.5,184,89567.952,45,42.9827,98.4375,2.90563052,,,
811,262.9166667,184,93223.554,44,44.6468,98.4375,3.01812368,,,
812,263.3333333,184,93223.554,43,42.1049,98.4375,2.84629124,,,
813,263.75,184,92585.949,41,41.1291,98.4375,2.78032716,,,
814,264.1666667,184,92585.949,41,41.0115,98.4375,2.7723774,,,
815,264.5833333,184,92585.949,40,40.7389,98.4375,2.75394964,,,
816,265,184,94834.097,41,39.8197,98.4375,2.69181172,,,
817,265.4166667,184,96284.058,41,39.5497,98.4375,2.67355972,,,
818,265.8333333,184,96284.058,41,42.2287,98.4375,2.85466012,,,
819,266.25,184,95263.89,41,42.6477,98.4375,2.88298452,,,
820,266.6666667,185,94418.473,41,41.2433,99.21875,2.78804708,,,
821,267.0833333,185,94418.473,41,38.4184,99.21875,2.59708384,,,
822,267.5,184,93932.004,41,36.993,98.4375,2.5007268,,,
823,267.9166667,185,91839.715,41,38.0458,99.21875,2.57189608,,,
824,268.3333333,185,90673.134,41,43.5143,99.21875,2.94156668,,,
825,268.75,185,90673.134,41,42.2802,99.21875,2.85814152,,,
826,269.1666667,185,89105.098,41,43.2449,99.21875,2.92335524,,,
827,269.5833333,185,91046.251,42,43.9794,99.21875,2.97300744,,,
828,270,185,90961.237,42,44.0233,99.21875,2.97597508,,,
829,270.4166667,185,90961.237,43,44.2668,99.21875,2.99243568,,,
830,270.8333333,186,93199.939,44,43.6307,100,2.94943532,,,
831,271.25,185,93199.939,43,40.4911,99.21875,2.73719836,,,
832,271.6666667,185,91598.842,43,46.1639,99.21875,3.12067964,,,
833,272.0833333,185,93629.732,43,47.9233,99.21875,3.23961508,,,
834,272.5,185,94300.398,42,43.5245,99.21875,2.9422562,,,
835,272.9166667,185,94300.398,42,38.2229,99.21875,2.58386804,,,
836,273.3333333,186,97530.93,42,38.4818,100,2.60136968,,,
837,273.75,186,92156.156,42,39.6239,100,2.67857564,,,
838,274.1666667,185,90880.946,41,40.161,99.21875,2.7148836,,,
839,274.5833333,186,90880.946,41,42.6734,100,2.88472184,,,
840,275,186,89804.102,41,44.6859,100,3.02076684,,,
841,275.4166667,185,93658.07,42,44.4733,99.21875,3.00639508,,,
842,275.8333333,186,95778.697,44,42.0177,100,2.84039652,,,
843,276.25,186,95778.697,45,39.4366,100,2.66591416,,,
844,276.6666667,186,95008.848,46,38.4021,100,2.59598196,,,
845,277.0833333,186,91721.64,46,39.3927,100,2.66294652,,,
846,277.5,186,94210.661,46,38.9085,100,2.6302146,,,
847,277.9166667,186,95500.04,47,37.7911,100,2.55467836,,,
848,278.3333333,186,95500.04,48,37.7366,100,2.55099416,,,
849,278.75,186,93270.784,48,36.4055,100,2.4610118,,,
850,279.1666667,186,88850.056,48,42.4057,100,2.86662532,,,
851,279.5833333,186,86601.908,47,48.6686,100,3.28999736,,,
852,280,186,86601.908,47,39.5147,100,2.67119372,,,
853,280.4166667,186,85270.022,46,37.2733,100,2.51967508,,,
854,280.8333333,185,87201.729,45,42.5204,99.21875,2.87437904,,,
,,,,,,,,,,
,,,,,,,,,,
,,,,,,,,,,
,,,,,,,,,,
,,,,,,,,,,
,,,,,,,,,,
,,,,,,,,,,
,,,,,,,,,,
,,,,,,,,,,
,,,,,,,,,,
,,,,,,,,,,
,,,,,,,,,,
,,,,,,,,,,
,,,,,,,,,,
,,,,,,,,,,
,,,,,,,,,,
,,,,,,,,,,
,,,,,,,,,,
,,,,,,,,,,
,,,,,,,,,,
,,,,,,,,,,
,,,,,,,,,,
,,,,,,,,,,
,,,,,,,,,,
,,,,,,,,,,
,,,,,,,,,,
,,,,,,,,,,
,,,,,,,,,,
,,,,,,,,,,
,,,,,,,,,,
,,,,,,,,,,
,,,,,,,,,,
,,,,,,,,,,
,,,,,,,,,,
,,,,,,,,,,
,,,,,,,,,,
,,,,,,,,,,
,,,,,,,,,,
,,,,,,,,,,
,,,,,,,,,,
,,,,,,,,,,
,,,,,,,,,,
,,,,,,,,,,
,,,,,,,,,,
,,,,,,,,,,
,,,,,,,,,,
,,,,,,,,,,
,,,,,,,,,,
,,,,,,,,,,
,,,,,,,,,,
,,,,,,,,,,
,,,,,,,,,,
,,,,,,,,,,
,,,,,,,,,,
,,,,,,,,,,
,,,,,,,,,,
,,,,,,,,,,
,,,,,,,,,,
,,,,,,,,,,
,,,,,,,,,,
,,,,,,,,,,
,,,,,,,,,,
,,,,,,,,,,
,,,,,,,,,,
,,,,,,,,,,
,,,,,,,,,,
,,,,,,,,,,
,,,,,,,,,,
,,,,,,,,,,
,,,,,,,,,,
,,,,,,,,,,
,,,,,,,,,,
,,,,,,,,,,
,,,,,,,,,,
,,,,,,,,,,
,,,,,,,,,,
,,,,,,,,,,
,,,,,,,,,,
,,,,,,,,,,
,,,,,,,,,,
,,,,,,,,,,
,,,,,,,,,,
,,,,,,,,,,
,,,,,,,,,,
,,,,,,,,,,
,,,,,,,,,,
,,,,,,,,,,
,,,,,,,,,,
,,,,,,,,,,
,,,,,,,,,,
,,,,,,,,,,
,,,,,,,,,,
,,,,,,,,,,
,,,,,,,,,,
,,,,,,,,,,
,,,,,,,,,,
,,,,,,,,,,
,,,,,,,,,,
,,,,,,,,,,
,,,,,,,,,,
,,,,,,,,,,
,,,,,,,,,,
,,,,,,,,,,
,,,,,,,,,,
,,,,,,,,,,
,,,,,,,,,,
,,,,,,,,,,
,,,,,,,,,,
,,,,,,,,,,
,,,,,,,,,,
,,,,,,,,,,
,,,,,,,,,,
,,,,,,,,,,
