WR,HR,DeltaHR,VE,BF,VO2rel,HRR,VO2
25,84,1,26046,18,11.499,14.50381679,0.896922
25,85,1,26046,20,12.132,15.26717557,0.946296
25,87,2,26046,21,12.766,16.79389313,0.995748
25,92,5,31462,22,13.325,20.61068702,1.03935
25,97,5,31462,23,12.103,24.42748092,0.944034
25,100,3,31462,25,10.882,26.71755725,0.848796
25,102,2,32267,25,10.178,28.24427481,0.793884
25,104,2,32267,25,9.9516,29.77099237,0.7762248
25,105,1,32757,25,10.207,30.53435115,0.796146
25,105,0,32757,25,11.248,30.53435115,0.877344
25,105,0,33471,25,12.289,30.53435115,0.958542
25,105,0,33471,25,11.974,30.53435115,0.933972
25,105,0,33471,25,10.96,30.53435115,0.85488
25,105,0,33297,25,9.9873,30.53435115,0.7790094
25,105,0,33297,24,10.99,30.53435115,0.85722
25,105,0,33297,24,11.993,30.53435115,0.935454
25,106,1,32512,23,12.46,31.29770992,0.97188
25,107,1,32512,23,10.488,32.0610687,0.818064
25,108,1,32512,23,8.5165,32.82442748,0.664287
25,109,1,31971,23,8.5157,33.58778626,0.6642246
25,109,0,31971,23,9.3595,33.58778626,0.730041
25,109,0,30666,22,10.413,33.58778626,0.812214
25,108,-1,30666,23,11.518,32.82442748,0.898404
25,106,-2,30962,23,12.059,31.29770992,0.940602
25,106,0,30962,24,12.576,31.29770992,0.980928
240,103,-3,31717,25,14.134,29.00763359,1.102452
240,101,-2,31717,25,16.652,27.48091603,1.298856
240,99,-2,31339,25,17.881,25.95419847,1.394718
240,98,-1,31339,25,15.031,25.19083969,1.172418
240,97,-1,33399,25,12.654,24.42748092,0.987012
240,97,0,33399,26,12.756,24.42748092,0.994968
240,98,1,33399,26,12.858,25.19083969,1.002924
240,100,2,34603,26,12.971,26.71755725,1.011738
240,103,3,34603,26,13.087,29.00763359,1.020786
240,106,3,36805,27,13.203,31.29770992,1.029834
240,110,4,36805,27,13.879,34.35114504,1.082562
240,112,2,37254,27,14.578,35.8778626,1.137084
240,115,3,37254,27,13.867,38.16793893,1.081626
240,117,2,37254,27,12.803,39.69465649,0.998634
240,118,1,38947,26,13.577,40.45801527,1.059006
240,120,2,38947,26,14.651,41.98473282,1.142778
240,121,1,41252,26,14.821,42.7480916,1.156038
240,122,1,41252,26,13.843,43.51145038,1.079754
240,123,1,42720,26,13.881,44.27480916,1.082718
240,124,1,42720,26,15.574,45.03816794,1.214772
240,125,1,41955,26,17.107,45.80152672,1.334346
240,126,1,41955,26,17.907,46.5648855,1.396746
240,126,0,41955,26,18.707,46.5648855,1.459146
240,127,1,42343,26,19.052,47.32824427,1.486056
240,127,0,42343,26,19.068,47.32824427,1.487304
240,128,1,40293,26,19.149,48.09160305,1.493622
240,128,0,40293,26,19.414,48.09160305,1.514292
240,128,0,41782,26,19.497,48.09160305,1.520766
240,128,0,41782,26,18.625,48.09160305,1.45275
240,129,1,42516,27,18.223,48.85496183,1.421394
25,129,0,42516,27,20.707,48.85496183,1.615146
25,129,0,42373,27,23.035,48.85496183,1.79673
25,129,0,42373,27,22.924,48.85496183,1.788072
25,129,0,42373,27,22.812,48.85496183,1.779336
25,129,0,44250,27,22.69,48.85496183,1.76982
25,129,0,44250,27,22.56,48.85496183,1.75968
25,129,0,45249,27,22.429,48.85496183,1.749462
25,128,-1,45249,26,22.266,48.09160305,1.736748
25,127,-1,45249,26,22.103,47.32824427,1.724034
25,126,-1,44515,26,21.295,46.5648855,1.66101
25,125,-1,44515,26,19.937,45.80152672,1.555086
25,123,-2,44515,26,18.578,44.27480916,1.449084
25,122,-1,45055,26,20.257,43.51145038,1.580046
25,120,-2,45055,26,22.273,41.98473282,1.737294
25,119,-1,45219,25,22.96,41.22137405,1.79088
25,118,-1,45219,25,22.208,40.45801527,1.732224
25,117,-1,44790,25,21.459,39.69465649,1.673802
25,116,-1,44790,25,20.834,38.93129771,1.625052
25,116,0,44790,25,20.209,38.93129771,1.576302
25,115,-1,44178,24,21.819,38.16793893,1.701882
25,115,0,44178,24,23.624,38.16793893,1.842672
25,114,-1,41435,24,24.415,37.40458015,1.90437
25,113,-1,41435,24,23.806,36.64122137,1.856868
25,113,0,40823,24,23.231,36.64122137,1.812018
25,112,-1,40823,24,23.037,35.8778626,1.796886
25,111,-1,40823,24,22.844,35.11450382,1.781832
25,111,0,41762,25,21.938,35.11450382,1.711164
25,110,-1,41762,25,20.664,34.35114504,1.611792
25,110,0,42730,25,19.507,34.35114504,1.521546
25,110,0,42730,25,18.96,34.35114504,1.47888
240,110,0,42730,25,18.412,34.35114504,1.436136
240,110,0,42139,25,20.436,34.35114504,1.594008
240,110,0,42139,25,23.364,34.35114504,1.822392
240,111,1,43363,25,24.653,35.11450382,1.922934
240,111,0,43363,25,24.166,35.11450382,1.884948
240,112,1,44342,25,23.619,35.8778626,1.842282
240,112,0,44342,25,22.37,35.8778626,1.74486
240,113,1,44342,25,21.121,36.64122137,1.647438
240,114,1,47503,25,21.055,37.40458015,1.64229
240,114,0,47503,25,21.448,37.40458015,1.672944
240,115,1,48788,25,21.81,38.16793893,1.70118
240,116,1,48788,25,22.161,38.93129771,1.728558
240,116,0,49379,25,22.777,38.93129771,1.776606
240,116,0,49379,26,23.62,38.93129771,1.84236
240,117,1,50613,26,24.058,39.69465649,1.876524
240,117,0,50613,26,24.057,39.69465649,1.876446
240,118,1,52663,26,23.935,40.45801527,1.86693
240,119,1,52663,27,23.428,41.22137405,1.827384
240,120,1,52724,27,23.164,41.98473282,1.806792
240,121,1,52724,27,23.877,42.7480916,1.862406
240,122,1,53153,27,24.589,43.51145038,1.917942
240,123,1,53153,27,25.191,44.27480916,1.964898
240,124,1,54254,28,25.792,45.03816794,2.011776
240,125,1,54254,28,25.135,45.80152672,1.96053
240,126,1,54254,28,24.337,46.5648855,1.898286
240,126,0,55325,28,25.65,46.5648855,2.0007
240,127,1,55325,28,28.149,47.32824427,2.195622
240,128,1,55886,28,29.438,48.09160305,2.296164
240,130,2,55886,28,27.906,49.61832061,2.176668
240,131,1,56396,28,26.677,50.38167939,2.080806
240,132,1,56396,27,26.409,51.14503817,2.059902
240,132,0,57089,27,26.413,51.14503817,2.060214
240,134,2,57089,27,27.194,52.67175573,2.121132
240,135,1,58568,28,28.024,53.4351145,2.185872
240,136,1,58568,28,29.116,54.19847328,2.271048
240,137,1,59486,28,30.207,54.96183206,2.356146
240,138,1,59486,28,28.994,55.72519084,2.261532
240,139,1,59486,28,27.78,56.48854962,2.16684
240,141,2,59659,28,27.786,58.01526718,2.167308
240,141,0,59659,28,27.843,58.01526718,2.171754
240,142,1,60169,28,28.596,58.77862595,2.230488
240,142,0,60169,28,29.483,58.77862595,2.299674
240,143,1,60230,28,30.511,59.54198473,2.379858
240,143,0,60230,28,31.559,59.54198473,2.461602
240,143,0,60954,29,30.854,59.54198473,2.406612
240,143,0,62780,29,30.12,59.54198473,2.34936
240,143,0,62780,29,29.482,59.54198473,2.299596
240,143,0,62321,30,28.889,59.54198473,2.253342
240,143,0,62321,30,29.005,59.54198473,2.26239
240,143,0,62769,30,29.12,59.54198473,2.27136
240,142,-1,62769,29,29.447,58.77862595,2.296866
240,142,0,62769,29,29.787,58.77862595,2.323386
240,142,0,62718,30,29.11,58.77862595,2.27058
240,142,0,62718,30,28.113,58.77862595,2.192814
240,142,0,62831,30,28.115,58.77862595,2.19297
240,142,0,62831,30,28.4,58.77862595,2.2152
240,143,1,63473,30,29.065,59.54198473,2.26707
240,143,0,63473,30,30.081,59.54198473,2.346318
240,143,0,63320,29,31.337,59.54198473,2.444286
240,143,0,63320,29,32.873,59.54198473,2.564094
25,143,0,60393,29,33.295,59.54198473,2.59701
25,143,0,60393,29,31.898,59.54198473,2.488044
25,143,0,60760,28,30.74,59.54198473,2.39772
25,143,0,60760,28,30.136,59.54198473,2.350608
25,143,0,60077,28,29.507,59.54198473,2.301546
25,142,-1,60077,28,27.675,58.77862595,2.15865
25,142,0,60077,28,25.842,58.77862595,2.015676
25,142,0,60077,28,25.275,58.77862595,1.97145
25,141,-1,60077,28,26.454,58.01526718,2.063412
25,141,0,57222,27,27.634,58.01526718,2.155452
25,140,-1,57222,27,28.585,57.2519084,2.22963
25,139,-1,57222,27,29.493,56.48854962,2.300454
25,138,-1,56232,27,29.177,55.72519084,2.275806
25,137,-1,56232,26,28.173,54.96183206,2.197494
25,135,-2,54927,26,27.448,53.4351145,2.140944
25,134,-1,54927,26,27.14,52.67175573,2.11692
25,133,-1,54927,26,26.833,51.90839695,2.092974
25,133,0,55804,26,27.677,51.90839695,2.158806
25,132,-1,55804,25,29.114,51.14503817,2.270892
25,131,-1,53153,25,29.028,50.38167939,2.264184
25,131,0,53153,25,26.838,50.38167939,2.093364
25,130,-1,52663,25,24.868,49.61832061,1.939704
25,130,0,52663,25,24.511,49.61832061,1.911858
25,129,-1,52663,25,24.154,48.85496183,1.884012
25,129,0,51297,25,23.999,48.85496183,1.871922
25,128,-1,51297,25,23.894,48.09160305,1.863732
25,128,0,51674,25,24.176,48.09160305,1.885728
25,127,-1,51674,25,25.144,47.32824427,1.961232
25,127,0,50338,25,26.113,47.32824427,2.036814
25,126,-1,50338,25,24.5,46.5648855,1.911
25,126,0,50338,25,22.886,46.5648855,1.785108
25,126,0,50358,25,22.124,46.5648855,1.725672
25,126,0,50358,25,22.285,46.5648855,1.73823
25,125,-1,48227,25,22.446,45.80152672,1.750788
25,124,-1,48227,25,20.954,45.03816794,1.634412
25,124,0,48227,25,19.278,45.03816794,1.503684
25,123,-1,48941,25,17.974,44.27480916,1.401972
25,122,-1,48941,25,19.394,43.51145038,1.512732
25,121,-1,48941,25,20.814,42.7480916,1.623492
25,120,-1,45973,24,20.358,41.98473282,1.587924
25,119,-1,45973,24,19.097,41.22137405,1.489566
25,119,0,44709,24,19.02,41.22137405,1.48356
25,118,-1,44709,24,20.871,40.45801527,1.627938
25,118,0,44342,24,22.723,40.45801527,1.772394
25,117,-1,44342,24,22.324,39.69465649,1.741272
25,117,0,44342,24,21.73,39.69465649,1.69494
25,116,-1,44199,24,21.392,38.93129771,1.668576
25,115,-1,44199,24,21.407,38.16793893,1.669746
25,114,-1,45219,24,21.376,37.40458015,1.667328
25,113,-1,45219,24,19.06,36.64122137,1.48668
25,113,0,45219,24,16.744,36.64122137,1.306032
25,112,-1,46177,24,15.783,35.8778626,1.231074
25,112,0,46177,24,15.347,35.8778626,1.197066
25,111,-1,46555,24,14.912,35.11450382,1.163136
25,110,-1,46555,24,16.083,34.35114504,1.254474
25,109,-1,46555,25,17.473,33.58778626,1.362894
25,109,0,48054,25,18.521,33.58778626,1.444638
25,108,-1,48054,25,18.772,32.82442748,1.464216
25,108,0,48054,25,19.023,32.82442748,1.483794
25,107,-1,49563,24,18.544,32.0610687,1.446432
240,107,0,49563,24,17.752,32.0610687,1.384656
240,107,0,50144,24,17.43,32.0610687,1.35954
240,106,-1,50144,24,18.986,31.29770992,1.480908
240,107,1,51766,23,20.541,32.0610687,1.602198
240,108,1,51766,23,20.017,32.82442748,1.561326
240,110,2,51766,23,18.907,34.35114504,1.474746
240,112,2,51358,24,19.639,35.8778626,1.531842
240,113,1,51358,24,21.817,36.64122137,1.701726
240,115,2,51225,24,22.411,38.16793893,1.748058
240,116,1,51225,24,20.188,38.93129771,1.574664
240,117,1,52398,24,18.795,39.69465649,1.46601
240,117,0,52398,24,21.187,39.69465649,1.652586
240,117,0,53418,25,23.491,39.69465649,1.832298
240,117,0,53418,25,23.695,39.69465649,1.84821
240,117,0,53418,25,23.9,39.69465649,1.8642
240,117,0,54071,25,21.152,39.69465649,1.649856
240,117,0,54071,26,18.002,39.69465649,1.404156
240,118,1,55141,26,15.291,40.45801527,1.192698
240,120,2,55141,26,19.451,41.98473282,1.517178
240,121,1,55641,27,23.61,42.7480916,1.84158
240,123,2,55641,27,23.183,44.27480916,1.808274
240,124,1,55641,26,20.791,45.03816794,1.621698
240,126,2,55641,26,18.399,46.5648855,1.435122
240,128,2,55641,26,16.006,48.09160305,1.248468
240,130,2,55988,26,13.614,49.61832061,1.061892
240,131,1,55988,25,21.509,50.38167939,1.677702
240,132,1,55988,24,32.652,51.14503817,2.546856
240,132,0,54448,23,38.418,51.14503817,2.996604
240,132,0,54448,23,36.758,51.14503817,2.867124
240,133,1,53765,22,35.099,51.90839695,2.737722
25,132,-1,53765,22,35.339,51.14503817,2.756442
25,133,1,53765,22,35.791,51.90839695,2.791698
25,133,0,54876,22,32.646,51.90839695,2.546388
25,133,0,54876,22,28.815,51.90839695,2.24757
25,134,1,56457,22,26.351,52.67175573,2.055378
25,134,0,56457,21,26.316,52.67175573,2.052648
25,135,1,55355,21,26.28,53.4351145,2.04984
25,136,1,55355,21,26.854,54.19847328,2.094612
25,137,1,55355,21,27.467,54.96183206,2.142426
25,137,0,54387,21,27.816,54.96183206,2.169648
25,137,0,54387,21,27.958,54.96183206,2.180724
25,136,-1,53979,22,28.067,54.19847328,2.189226
25,136,0,53979,23,27.933,54.19847328,2.178774
25,135,-1,53979,24,27.799,53.4351145,2.168322
25,134,-1,56671,24,27.423,52.67175573,2.138994
25,132,-2,56671,25,26.913,51.14503817,2.099214
25,131,-1,56855,25,26.543,50.38167939,2.070354
25,130,-1,56855,25,27.435,49.61832061,2.13993
25,129,-1,56855,25,28.326,48.85496183,2.209428
25,128,-1,56182,25,28.317,48.09160305,2.208726
25,128,0,56182,25,28.053,48.09160305,2.188134
25,127,-1,54060,25,27.722,47.32824427,2.162316
25,128,1,54060,25,27.292,48.09160305,2.128776
25,127,-1,55702,25,26.831,47.32824427,2.092818
25,127,0,55702,25,25.885,47.32824427,2.01903
25,127,0,55702,25,24.939,47.32824427,1.945242
25,126,-1,57222,25,24.094,46.5648855,1.879332
25,125,-1,57222,25,23.316,45.80152672,1.818648
25,124,-1,57008,25,22.718,45.03816794,1.772004
25,123,-1,57008,25,23.061,44.27480916,1.798758
25,122,-1,57008,25,23.404,43.51145038,1.825512
25,122,0,56987,25,23.466,43.51145038,1.830348
25,121,-1,56987,25,23.355,42.7480916,1.82169
25,120,-1,57395,25,23.244,41.98473282,1.813032
25,120,0,57395,25,22.514,41.98473282,1.756092
25,119,-1,57395,25,21.771,41.22137405,1.698138
25,119,0,57711,25,21.082,41.22137405,1.644396
25,118,-1,57711,24,20.505,40.45801527,1.59939
25,118,0,57711,24,19.928,40.45801527,1.554384
25,118,0,58242,24,19.529,40.45801527,1.523262
25,117,-1,58242,24,19.42,39.69465649,1.51476
25,117,0,58242,24,19.311,39.69465649,1.506258
25,116,-1,57415,23,18.749,38.93129771,1.462422
25,115,-1,57415,23,17.931,38.16793893,1.398618
25,115,0,55774,23,17.114,38.16793893,1.334892
25,114,-1,55774,23,17.49,37.40458015,1.36422
25,113,-1,55774,22,18.06,36.64122137,1.40868
25,112,-1,55355,22,18.542,35.8778626,1.446276
25,112,0,55355,22,17.645,35.8778626,1.37631
25,111,-1,55355,22,16.747,35.11450382,1.306266
25,110,-1,53938,22,16.309,34.35114504,1.272102
25,110,0,53938,22,16.262,34.35114504,1.268436
25,110,0,52622,22,16.202,34.35114504,1.263756
25,110,0,52622,22,15.834,34.35114504,1.235052
25,110,0,52622,22,15.466,34.35114504,1.206348
25,110,0,51327,22,15.395,34.35114504,1.20081
25,110,0,51327,22,15.702,34.35114504,1.224756
25,109,-1,50154,22,16.009,33.58778626,1.248702
25,109,0,50154,22,15.732,33.58778626,1.227096
25,109,0,50154,22,15.39,33.58778626,1.20042
25,109,0,49614,23,15.112,33.58778626,1.178736
25,109,0,49614,23,15.012,33.58778626,1.170936
25,110,1,49614,23,14.912,34.35114504,1.163136
25,110,0,49216,23,14.801,34.35114504,1.154478
25,110,0,49216,23,14.672,34.35114504,1.144416
25,110,0,48329,23,14.543,34.35114504,1.134354
25,110,0,48329,23,14.519,34.35114504,1.132482
25,109,-1,48329,23,14.549,33.58778626,1.134822
25,109,0,48890,23,14.576,33.58778626,1.136928
25,109,0,48890,23,14.488,33.58778626,1.130064
25,109,0,48890,23,14.399,33.58778626,1.123122
25,109,0,48492,23,14.889,33.58778626,1.161342
25,109,0,48492,23,15.835,33.58778626,1.23513
25,108,-1,48054,23,16.704,32.82442748,1.302912
25,108,0,48054,23,15.736,32.82442748,1.227408
25,108,0,48054,23,14.768,32.82442748,1.151904
25,109,1,47840,23,14.094,33.58778626,1.099332
25,109,0,47840,23,14.107,33.58778626,1.100346
25,110,1,47840,23,14.12,34.35114504,1.10136
25,110,0,47636,22,14.414,34.35114504,1.124292
25,111,1,47636,22,14.927,35.11450382,1.164306
25,111,0,46616,22,15.441,35.11450382,1.204398
25,110,-1,46616,22,14.608,34.35114504,1.139424
25,110,0,46616,22,13.774,34.35114504,1.074372
25,110,0,47411,22,12.949,34.35114504,1.010022
25,110,0,47411,22,12.525,34.35114504,0.97695
25,110,0,47411,22,12.101,34.35114504,0.943878
25,109,-1,45545,22,11.677,33.58778626,0.910806
25,110,1,45545,22,12.8,34.35114504,0.9984
25,110,0,45545,22,13.987,34.35114504,1.090986
240,111,1,45025,22,14.51,35.11450382,1.13178
240,112,1,45025,22,13.852,35.8778626,1.080456
240,113,1,44525,22,14.379,36.64122137,1.121562
240,115,2,44525,22,17.011,38.16793893,1.326858
240,116,1,44627,22,18.48,38.93129771,1.44144
240,117,1,44627,22,18.054,39.69465649,1.408212
240,118,1,46453,23,17.628,40.45801527,1.374984
240,119,1,46453,23,16.185,41.22137405,1.26243
240,120,1,46453,24,14.548,41.98473282,1.134744
240,122,2,48543,24,15.395,43.51145038,1.20081
240,123,1,48543,24,17.306,44.27480916,1.349868
240,124,1,48278,24,18.072,45.03816794,1.409616
240,125,1,48278,24,18.476,45.80152672,1.441128
240,127,2,51123,25,18.111,47.32824427,1.412658
240,128,1,51123,26,17.417,48.09160305,1.358526
240,129,1,53479,27,17.218,48.85496183,1.343004
240,131,2,53479,27,17.981,50.38167939,1.402518
240,132,1,56661,28,18.744,51.14503817,1.462032
240,133,1,56661,28,19.292,51.90839695,1.504776
240,133,0,56661,28,19.841,51.90839695,1.547598
240,133,0,57395,28,20.484,51.90839695,1.597752
240,134,1,57395,27,21.221,52.67175573,1.655238
240,134,0,56049,27,21.958,52.67175573,1.712724
240,134,0,56049,26,22.26,52.67175573,1.73628
240,134,0,56049,26,22.544,52.67175573,1.758432
240,134,0,57048,26,22.756,52.67175573,1.774968
240,135,1,57048,26,22.868,53.4351145,1.783704
240,135,0,57303,26,23.1,53.4351145,1.8018
240,136,1,57303,26,24.718,54.19847328,1.928004
240,137,1,57303,25,26.336,54.96183206,2.054208
240,138,1,57140,25,26.794,55.72519084,2.089932
240,139,1,57140,25,25.777,56.48854962,2.010606
240,140,1,56773,25,24.76,57.2519084,1.93128
240,141,1,56773,24,25.297,58.01526718,1.973166
240,142,1,56773,24,25.865,58.77862595,2.01747
240,143,1,56987,24,26.788,59.54198473,2.089464
240,143,0,56987,24,27.911,59.54198473,2.177058
240,144,1,58588,24,28.722,60.30534351,2.240316
240,144,0,58588,24,28.645,60.30534351,2.23431
240,144,0,59475,24,28.568,60.30534351,2.228304
240,145,1,59475,25,28.842,61.06870229,2.249676
240,145,0,59475,25,29.115,61.06870229,2.27097
240,145,0,59567,25,29.293,61.06870229,2.284854
240,146,1,59567,24,29.422,61.83206107,2.294916
240,146,0,60924,25,29.85,61.83206107,2.3283
240,147,1,60924,25,30.578,62.59541985,2.385084
240,148,1,61974,25,31.146,63.35877863,2.429388
240,149,1,61974,25,31.26,64.1221374,2.43828
240,150,1,64218,26,30.849,64.88549618,2.406222
240,150,0,64218,26,28.332,64.88549618,2.209896
240,151,1,64595,26,28.279,65.64885496,2.205762
240,152,1,64595,27,31.36,66.41221374,2.44608
240,153,1,65615,27,32.524,67.17557252,2.536872
240,154,1,65615,28,30.811,67.9389313,2.403258
240,155,1,66981,28,29.097,68.70229008,2.269566
240,156,1,66981,28,30.239,69.46564885,2.358642
240,157,1,66981,28,31.924,70.22900763,2.490072
240,157,0,68480,28,32.903,70.22900763,2.566434
240,158,1,68480,28,32.626,70.99236641,2.544828
240,158,0,69480,28,32.329,70.99236641,2.521662
240,158,0,69480,27,32.002,70.99236641,2.496156
240,158,0,69245,28,31.857,70.99236641,2.484846
240,158,0,69245,28,31.833,70.99236641,2.482974
240,158,0,68990,28,32.717,70.99236641,2.551926
240,158,0,68990,28,33.748,70.99236641,2.632344
240,158,0,71428,29,33.862,70.99236641,2.641236
240,158,0,71428,29,33.775,70.99236641,2.63445
240,159,1,71224,29,34.275,71.75572519,2.67345
240,159,0,71224,29,34.84,71.75572519,2.71752
240,160,1,71886,29,34.242,72.51908397,2.670876
240,160,0,71886,29,33.597,72.51908397,2.620566
240,161,1,73793,30,34.169,73.28244275,2.665182
240,161,0,73793,30,35.046,73.28244275,2.733588
240,161,0,74416,31,34.36,73.28244275,2.68008
240,162,1,74416,31,33.538,74.04580153,2.615964
240,162,0,76241,31,34.898,74.04580153,2.722044
240,162,0,76241,31,36.5,74.04580153,2.847
240,163,1,78597,31,36.183,74.80916031,2.822274
240,163,0,79525,31,35.878,74.80916031,2.798484
240,163,0,79525,31,35.844,74.80916031,2.795832
240,164,1,81727,30,36.064,75.57251908,2.812992
240,164,0,81727,30,37.007,75.57251908,2.886546
240,165,1,82299,31,36.98,76.33587786,2.88444
240,165,0,82299,31,35.232,76.33587786,2.748096
240,166,1,84471,31,34.377,77.09923664,2.681406
240,166,0,84471,31,35.256,77.09923664,2.749968
240,166,0,85939,31,36.07,77.09923664,2.81346
240,166,0,85939,31,36.794,77.09923664,2.869932
240,167,1,87540,31,36.313,77.86259542,2.832414
240,167,0,87540,31,34.626,77.86259542,2.700828
240,167,0,88162,31,34.552,77.86259542,2.695056
240,167,0,88162,31,35.552,77.86259542,2.773056
240,167,0,87520,31,35.887,77.86259542,2.799186
240,167,0,87520,31,36.081,77.86259542,2.814318
240,167,0,86133,31,35.562,77.86259542,2.773836
240,168,1,86133,32,35.044,78.6259542,2.733432
240,168,0,86928,31,36.124,78.6259542,2.817672
240,168,0,86928,31,36.998,78.6259542,2.885844
240,168,0,83869,31,36.933,78.6259542,2.880774
240,167,-1,85164,31,36.844,77.86259542,2.873832
240,167,0,85164,32,36.704,77.86259542,2.862912
240,167,0,85858,32,37.216,77.86259542,2.902848
240,167,0,85858,32,38.095,77.86259542,2.97141
240,167,0,85807,32,37.681,77.86259542,2.939118
240,167,0,86735,33,37.103,77.86259542,2.894034
240,167,0,86735,33,36.209,77.86259542,2.824302
240,167,0,87816,33,36.46,77.86259542,2.84388
240,168,1,87816,33,37.857,78.6259542,2.952846
240,168,0,87683,33,38.046,78.6259542,2.967588
240,168,0,88458,34,37.581,78.6259542,2.931318
240,168,0,88458,35,35.61,78.6259542,2.77758
240,168,0,88315,35,35.146,78.6259542,2.741388
240,168,0,88315,35,35.866,78.6259542,2.797548
240,167,-1,87489,35,36.921,77.86259542,2.879838
240,167,0,88183,35,38.094,77.86259542,2.971332
240,167,0,88183,35,37.142,77.86259542,2.897076
240,167,0,88183,35,36.023,77.86259542,2.809794
240,167,0,88183,35,34.588,77.86259542,2.697864
240,167,0,86990,35,34.31,77.86259542,2.67618
240,168,1,86990,35,37.009,78.6259542,2.886702
25,168,0,85725,34,38.179,78.6259542,2.977962
25,168,0,85725,34,36.098,78.6259542,2.815644
25,169,1,86602,34,34.56,79.38931298,2.69568
25,169,0,86602,33,33.416,79.38931298,2.606448
25,169,0,87173,33,32.588,79.38931298,2.541864
25,169,0,87173,32,33.424,79.38931298,2.607072
25,169,0,83737,32,33.635,79.38931298,2.62353
25,168,-1,83737,31,32.909,78.6259542,2.566902
25,167,-1,80810,31,33.286,77.86259542,2.596308
25,167,0,80810,31,34.181,77.86259542,2.666118
25,166,-1,78077,31,32.817,77.09923664,2.559726
25,165,-1,75354,31,31.358,76.33587786,2.445924
25,165,0,75354,32,30.153,76.33587786,2.351934
25,164,-1,77200,32,30.251,75.57251908,2.359578
25,163,-1,77200,32,31.551,74.80916031,2.460978
25,161,-2,74844,33,32.284,73.28244275,2.518152
25,161,0,69337,33,32.902,73.28244275,2.566356
25,159,-2,69337,34,33.322,71.75572519,2.599116
25,158,-1,70979,34,33.33,70.99236641,2.59974
25,158,0,70979,35,32.167,70.99236641,2.509026
25,157,-1,70734,35,31.905,70.22900763,2.48859
25,157,0,70734,35,32.351,70.22900763,2.523378
25,156,-1,70816,35,32.012,69.46564885,2.496936
25,156,0,71336,35,31.44,69.46564885,2.45232
25,156,0,71336,35,29.902,69.46564885,2.332356
25,156,0,69459,35,29.301,69.46564885,2.285478
25,156,0,69459,35,30.106,69.46564885,2.348268
25,155,-1,69429,35,30.02,68.70229008,2.34156
25,155,0,69429,35,29.112,68.70229008,2.270736
25,155,0,72345,34,28.623,68.70229008,2.232594
240,155,0,72345,34,28.391,68.70229008,2.214498
240,154,-1,70999,34,28.767,67.9389313,2.243826
240,154,0,73335,34,29.242,67.9389313,2.280876
240,154,0,73335,34,29.159,67.9389313,2.274402
240,154,0,75456,34,28.977,67.9389313,2.260206
240,155,1,75456,33,28.344,68.70229008,2.210832
240,154,-1,74334,33,28.542,67.9389313,2.226276
240,154,0,74334,33,29.572,67.9389313,2.306616
240,154,0,75731,33,30.001,67.9389313,2.340078
240,154,0,78240,33,30.06,67.9389313,2.34468
240,153,-1,78240,33,28.97,67.17557252,2.25966
240,152,-1,80045,34,28.565,66.41221374,2.22807
240,152,0,80045,34,28.794,66.41221374,2.245932
240,152,0,82829,34,27.924,66.41221374,2.178072
240,152,0,83920,35,27.517,66.41221374,2.146326
240,152,0,83920,35,28.41,66.41221374,2.21598
240,153,1,82054,35,29.438,67.17557252,2.296164
240,154,1,86663,36,30.565,67.9389313,2.38407
240,155,1,86663,37,31.907,68.70229008,2.488746
240,156,1,84644,37,31.772,69.46564885,2.478216
240,157,1,84644,37,30.272,70.22900763,2.361216
240,158,1,82747,37,30.794,70.99236641,2.401932
240,159,1,82554,37,31.847,71.75572519,2.484066
240,159,0,82554,37,33.187,71.75572519,2.588586
240,160,1,83125,36,34.184,72.51908397,2.666352
240,160,0,83125,36,34.204,72.51908397,2.667912
240,161,1,81962,36,33.667,73.28244275,2.626026
240,161,0,81962,36,32.571,73.28244275,2.540538
240,162,1,83441,36,32.593,74.04580153,2.542254
240,162,0,83441,35,33.05,74.04580153,2.5779
25,163,1,81564,35,33.457,74.80916031,2.609646
25,164,1,82584,34,33.465,75.57251908,2.61027
25,164,0,82584,34,32.548,75.57251908,2.538744
25,165,1,83012,34,30.645,76.33587786,2.39031
25,165,0,83012,34,28.235,76.33587786,2.20233
25,166,1,81330,34,28.214,77.09923664,2.200692
25,166,0,81330,34,28.519,77.09923664,2.224482
25,166,0,78291,34,29.122,77.09923664,2.271516
25,165,-1,78291,34,29.8,76.33587786,2.3244
25,165,0,74334,34,29.963,76.33587786,2.337114
25,165,0,74334,33,30.082,76.33587786,2.346396
25,164,-1,72080,33,31.222,75.57251908,2.435316
25,163,-1,71621,33,32.413,74.80916031,2.528214
25,162,-1,71621,33,31.746,74.04580153,2.476188
25,160,-2,72753,32,31.234,72.51908397,2.436252
25,159,-1,72753,32,31.67,71.75572519,2.47026
25,158,-1,71244,32,31.887,70.99236641,2.487186
25,157,-1,71244,32,31.479,70.22900763,2.455362
25,156,-1,69928,31,31.202,69.46564885,2.433756
25,156,0,69928,31,31.388,69.46564885,2.448264
25,156,0,69979,31,31.076,69.46564885,2.423928
25,155,-1,69979,31,28.773,68.70229008,2.244294
25,155,0,70816,31,26.862,68.70229008,2.095236
25,154,-1,70816,31,27.362,67.9389313,2.134236
25,153,-1,70449,31,27.719,67.17557252,2.162082
25,152,-1,70449,30,27.328,66.41221374,2.131584
25,151,-1,69500,30,26.903,65.64885496,2.098434
25,150,-1,69500,30,26.302,64.88549618,2.051556
25,150,0,65625,30,25.704,64.88549618,2.004912
25,150,0,65625,30,25.115,64.88549618,1.95897
240,149,-1,64901,30,25.63,64.1221374,1.99914
240,149,0,64901,30,28.982,64.1221374,2.260596
240,149,0,64972,30,30.421,64.1221374,2.372838
240,149,0,64972,30,30.096,64.1221374,2.347488
240,149,0,67501,31,27.935,64.1221374,2.17893
240,149,0,69449,31,26.181,64.1221374,2.042118
240,149,0,69449,31,28.367,64.1221374,2.212626
240,149,0,71621,32,27.421,64.1221374,2.138838
240,149,0,74069,33,25.576,64.1221374,1.994928
240,148,-1,74069,34,25.768,63.35877863,2.009904
240,148,0,77251,35,26.138,63.35877863,2.038764
240,147,-1,77251,35,26.757,62.59541985,2.087046
240,147,0,79657,36,27.733,62.59541985,2.163174
240,148,1,81197,36,28.754,63.35877863,2.242812
240,149,1,81197,36,27.052,64.1221374,2.110056
240,150,1,81442,36,26.971,64.88549618,2.103738
240,152,2,81442,36,29.535,66.41221374,2.30373
240,152,0,81942,36,28.606,66.41221374,2.231268
240,154,2,81942,37,26.911,67.9389313,2.099058
240,154,0,82594,37,26.341,67.9389313,2.054598
240,155,1,82880,36,25.771,68.70229008,2.010138
240,155,0,82880,35,26.082,68.70229008,2.034396
240,155,0,82880,35,26.703,68.70229008,2.082834
240,156,1,79270,34,28.883,69.46564885,2.252874
240,156,0,79270,33,32.018,69.46564885,2.497404
240,156,0,78189,33,32.959,69.46564885,2.570802
240,156,0,76669,32,33.21,69.46564885,2.59038
240,157,1,76669,32,31.421,70.22900763,2.450838
240,157,0,76200,32,30.866,70.22900763,2.407548
240,157,0,76200,32,31.545,70.22900763,2.46051
240,158,1,75374,32,32.777,70.99236641,2.556606
240,159,1,74630,32,34.013,71.75572519,2.653014
240,160,1,74630,32,32.453,72.51908397,2.531334
240,161,1,74059,32,30.844,73.28244275,2.405832
240,162,1,74059,33,29.199,74.04580153,2.277522
240,163,1,77312,34,34.013,74.80916031,2.653014
240,163,0,78587,35,34.695,74.80916031,2.70621
240,164,1,78587,36,31.347,75.57251908,2.445066
240,164,0,81350,37,33.813,75.57251908,2.637414
240,165,1,82135,37,35.357,76.33587786,2.757846
240,167,2,82135,38,35.397,77.86259542,2.760966
240,167,0,84246,38,34.185,77.86259542,2.66643
240,168,1,85246,38,32.67,78.6259542,2.54826
240,169,1,85246,38,34.243,79.38931298,2.670954
240,170,1,86051,38,34.808,80.15267176,2.715024
240,171,1,86051,38,34.284,80.91603053,2.674152
240,171,0,85939,38,34.556,80.91603053,2.695368
240,170,-1,86561,38,35.292,80.15267176,2.752776
240,170,0,86561,38,36.98,80.15267176,2.88444
240,170,0,88672,37,37.587,80.15267176,2.931786
240,170,0,88672,37,37.111,80.15267176,2.894658
240,171,1,88162,37,36.072,80.91603053,2.813616
240,172,1,87224,36,35.844,81.67938931,2.795832
240,173,1,87224,37,36.783,82.44274809,2.869074
240,174,1,86561,37,37.922,83.20610687,2.957916
240,175,1,88377,37,38.051,83.96946565,2.967978
240,175,0,88377,37,35.181,83.96946565,2.744118
240,176,1,89376,37,35.758,84.73282443,2.789124
240,176,0,92293,37,37.509,84.73282443,2.925702
240,177,1,92293,38,38.586,85.49618321,3.009708
25,177,0,91569,38,38.386,85.49618321,2.994108
25,177,0,91569,38,37.182,85.49618321,2.900196
25,177,0,93975,38,35.2,85.49618321,2.7456
25,178,1,94363,38,33.521,86.25954198,2.614638
25,178,0,94363,38,32.907,86.25954198,2.566746
25,178,0,93598,38,32.071,86.25954198,2.501538
25,178,0,93598,37,31.073,86.25954198,2.423694
25,177,-1,89529,37,30.681,85.49618321,2.393118
25,177,0,89529,37,30.38,85.49618321,2.36964
25,176,-1,87489,37,29.931,84.73282443,2.334618
25,175,-1,83288,36,30.399,83.96946565,2.371122
25,174,-1,83288,36,32.646,83.20610687,2.546388
25,174,0,80177,35,33.032,83.20610687,2.576496
25,173,-1,80177,35,32.694,82.44274809,2.550132
25,172,-1,77648,35,33.041,81.67938931,2.577198
25,171,-1,76129,35,33.477,80.91603053,2.611206
25,170,-1,76129,35,34.094,80.15267176,2.659332
25,169,-1,75802,35,33.298,79.38931298,2.597244
25,168,-1,75802,35,30.383,78.6259542,2.369874
25,168,0,75435,35,29.626,78.6259542,2.310828
25,167,-1,75435,34,31.618,77.86259542,2.466204
25,166,-1,75568,34,31.015,77.09923664,2.41917
25,165,-1,75568,34,29.681,76.33587786,2.315118
25,164,-1,75884,34,28.576,75.57251908,2.228928
25,164,0,75833,34,27.219,75.57251908,2.123082
25,163,-1,75833,34,25.035,74.80916031,1.95273
25,162,-1,74976,33,22.85,74.04580153,1.7823
25,161,-1,74976,33,22.349,73.28244275,1.743222
25,160,-1,74976,33,27.817,72.51908397,2.169726
25,159,-1,70714,33,31.84,71.75572519,2.48352
25,159,0,70714,32,32.15,71.75572519,2.5077
25,159,0,71540,30,30.979,71.75572519,2.416362
25,159,0,71540,30,28.443,71.75572519,2.218554
25,158,-1,70958,30,27.403,70.99236641,2.137434
25,158,0,71570,30,26.223,70.99236641,2.045394
25,157,-1,71570,31,24.212,70.22900763,1.888536
25,157,0,72111,31,22.729,70.22900763,1.772862
25,156,-1,72111,31,22.367,69.46564885,1.744626
25,156,0,70999,31,22.739,69.46564885,1.773642
25,155,-1,70999,31,23.788,68.70229008,1.855464
25,154,-1,68827,31,22.929,67.9389313,1.788462
25,154,0,68827,30,20.998,67.9389313,1.637844
25,152,-2,71540,31,20.979,66.41221374,1.636362
25,151,-1,71540,32,21.703,65.64885496,1.692834
25,151,0,68440,33,22.343,65.64885496,1.742754
25,150,-1,67491,33,22.584,64.88549618,1.761552
25,149,-1,67491,33,21.981,64.1221374,1.714518
25,149,0,65023,33,21.178,64.1221374,1.651884
25,149,0,65023,33,19.458,64.1221374,1.517724
25,149,0,62188,32,18.186,64.1221374,1.418508
25,148,-1,62188,32,17.78,63.35877863,1.38684
25,148,0,61005,32,18.262,63.35877863,1.424436
25,147,-1,60873,32,19.202,62.59541985,1.497756
25,147,0,60873,33,20.744,62.59541985,1.618032
25,147,0,58843,33,21.676,62.59541985,1.690728
25,147,0,58843,33,20.84,62.59541985,1.62552
25,147,0,60934,34,20.558,62.59541985,1.603524
25,147,0,60934,34,21.104,62.59541985,1.646112
25,148,1,59996,34,20.567,63.35877863,1.604226
25,148,0,59996,33,19.308,63.35877863,1.506024
240,148,0,59883,33,18.795,63.35877863,1.46601
240,147,-1,60179,34,19.198,62.59541985,1.497444
240,147,0,60179,34,21.256,62.59541985,1.657968
240,147,0,62076,35,20.736,62.59541985,1.617408
240,146,-1,61658,35,20.057,61.83206107,1.564446
240,146,0,61658,35,21.505,61.83206107,1.67739
240,147,1,64625,35,22.058,62.59541985,1.720524
240,147,0,64411,36,22.108,62.59541985,1.724424
240,147,0,64411,36,21.286,62.59541985,1.660308
240,148,1,67838,37,21.453,63.35877863,1.673334
240,148,0,67838,37,22.608,63.35877863,1.763424
240,148,0,70387,37,22.637,63.35877863,1.765686
240,148,0,71295,38,22.136,63.35877863,1.726608
240,149,1,71295,38,19.985,64.1221374,1.55883
240,150,1,72692,38,18.677,64.88549618,1.456806
240,151,1,72692,37,18.36,65.64885496,1.43208
240,152,1,73824,37,22.066,66.41221374,1.721148
240,153,1,72407,37,26.455,67.17557252,2.06349
240,154,1,72407,37,25.479,67.9389313,1.987362
240,154,0,73284,36,25.015,67.9389313,1.95117
240,155,1,73284,36,26.005,68.70229008,2.02839
240,155,0,72162,36,27.148,68.70229008,2.117544
240,156,1,72162,35,28.521,69.46564885,2.224638
240,156,0,71336,35,28.439,69.46564885,2.218242
240,157,1,71336,35,27.735,70.22900763,2.16333
240,157,0,72702,34,28.791,70.22900763,2.245698
240,157,0,72702,34,30.674,70.22900763,2.392572
240,157,0,72264,34,30.106,70.22900763,2.348268
240,158,1,74110,34,29.851,70.99236641,2.328378
240,158,0,74110,33,30.777,70.99236641,2.400606
25,159,1,75293,34,30.877,71.75572519,2.408406
25,160,1,75915,34,29.858,72.51908397,2.328924
25,161,1,75915,34,27.068,73.28244275,2.111304
25,161,0,76578,35,24.816,73.28244275,1.935648
25,161,0,77230,35,22.666,73.28244275,1.767948
25,161,0,77230,36,21.931,73.28244275,1.710618
25,161,0,72692,36,21.891,73.28244275,1.707498
25,160,-1,72692,36,25.497,72.51908397,1.988766
25,159,-1,70153,36,28.479,71.75572519,2.221362
25,157,-2,70153,36,29.685,70.22900763,2.31543
25,155,-2,67012,36,30.836,68.70229008,2.405208
25,154,-1,67012,36,31.905,67.9389313,2.48859
25,153,-1,66074,35,31.066,67.17557252,2.423148
25,152,-1,66074,35,29.329,66.41221374,2.287662
25,151,-1,64065,35,29.165,65.64885496,2.27487
25,150,-1,64065,34,29.066,64.88549618,2.267148
25,150,0,64065,34,29.685,64.88549618,2.31543
25,149,-1,61811,33,29.89,64.1221374,2.33142
25,149,0,61811,33,27.55,64.1221374,2.1489
25,148,-1,62984,33,26.735,63.35877863,2.08533
25,148,0,62984,33,27.709,63.35877863,2.161302
25,147,-1,63391,33,27.681,62.59541985,2.159118
25,147,0,63391,33,27.136,62.59541985,2.116608
25,147,0,63391,33,27.352,62.59541985,2.133456
25,147,0,63391,33,27.712,62.59541985,2.161536
25,147,0,62402,33,24.649,62.59541985,1.922622
25,146,-1,60230,33,21.841,61.83206107,1.703598
25,146,0,60230,33,23.473,61.83206107,1.830894
25,146,0,58384,33,24.297,61.83206107,1.895166
25,146,0,58384,33,24.005,61.83206107,1.87239
25,146,0,58292,33,22.986,61.83206107,1.792908
25,146,0,58292,33,20.781,61.83206107,1.620918
25,145,-1,57089,33,18.739,61.06870229,1.461642
25,145,0,57089,32,19.24,61.06870229,1.50072
25,145,0,55090,32,19.74,61.06870229,1.53972
25,144,-1,55090,31,20.886,60.30534351,1.629108
25,144,0,53989,31,21.992,60.30534351,1.715376
25,143,-1,53989,31,22.128,59.54198473,1.725984
25,142,-1,54305,30,22.104,58.77862595,1.724112
25,142,0,54305,30,21.708,58.77862595,1.693224
25,141,-1,56691,30,21.402,58.01526718,1.669356
25,141,0,56691,31,21.332,58.01526718,1.663896
25,141,0,55723,30,20.991,58.01526718,1.637298
25,142,1,55723,30,20.485,58.77862595,1.59783
25,142,0,56345,30,19.97,58.77862595,1.55766
25,142,0,56345,31,19.454,58.77862595,1.517412
25,142,0,56967,31,19.775,58.77862595,1.54245
25,141,-1,58843,31,20.152,58.01526718,1.571856
25,140,-1,58843,32,18.723,57.2519084,1.460394
25,139,-1,60067,32,17.435,56.48854962,1.35993
25,139,0,60067,33,16.552,56.48854962,1.291056
25,138,-1,57905,33,16.48,55.72519084,1.28544
25,137,-1,57905,32,18.973,54.96183206,1.479894
25,136,-1,55162,32,20.624,54.19847328,1.608672
25,137,1,55162,32,18.438,54.96183206,1.438164
25,137,0,56987,32,16.725,54.96183206,1.30455
25,137,0,56987,32,16.905,54.96183206,1.31859
25,136,-1,56538,31,17.078,54.19847328,1.332084
25,136,0,56538,31,17.218,54.19847328,1.343004
25,135,-1,56957,31,17.335,53.4351145,1.35213
25,135,0,56957,31,17.394,53.4351145,1.356732
25,134,-1,56151,31,17.411,52.67175573,1.358058
25,134,0,56151,31,17.364,52.67175573,1.354392
25,133,-1,55508,31,17.839,51.90839695,1.391442
25,133,0,55508,31,18.835,51.90839695,1.46913
25,133,0,56559,31,17.708,51.90839695,1.381224
25,133,0,56559,31,15.583,51.90839695,1.215474
25,133,0,56498,31,15.472,51.90839695,1.206816
25,133,0,56498,31,16.225,51.90839695,1.26555
25,133,0,54631,31,15.984,51.90839695,1.246752
25,133,0,53173,31,15.466,51.90839695,1.206348
25,133,0,53173,32,14.306,51.90839695,1.115868
25,133,0,52184,32,13.486,51.90839695,1.051908
25,133,0,52184,32,14.451,51.90839695,1.127178
25,134,1,49532,32,15.161,52.67175573,1.182558
25,135,1,49532,32,15.214,53.4351145,1.186692
25,135,0,50073,32,15.382,53.4351145,1.199796
25,134,-1,50073,32,15.739,52.67175573,1.227642
25,134,0,48645,32,15.367,52.67175573,1.198626
25,133,-1,48645,32,14.508,51.90839695,1.131624
25,131,-2,47554,32,15.533,50.38167939,1.211574
25,130,-1,47391,32,17.29,49.61832061,1.34862
25,129,-1,47391,32,14.34,48.85496183,1.11852
25,129,0,46820,32,10.356,48.85496183,0.807768
25,129,0,46820,32,11.591,48.85496183,0.904098
25,129,0,46748,32,12.932,48.85496183,1.008696
25,130,1,46748,32,14.256,49.61832061,1.111968
25,131,1,48757,32,15.488,50.38167939,1.208064
25,131,0,48757,32,15.666,50.38167939,1.221948
25,132,1,48064,32,15.733,51.14503817,1.227174
240,132,0,48064,32,14.811,51.14503817,1.155258
240,132,0,48094,32,14.816,51.14503817,1.155648
240,132,0,48094,31,16.335,51.14503817,1.27413
240,132,0,50450,32,17.549,51.14503817,1.368822
240,133,1,51949,32,18.639,51.90839695,1.453842
240,134,1,51949,32,19.671,52.67175573,1.534338
240,135,1,53642,32,19.891,53.4351145,1.551498
240,137,2,53642,33,19.361,54.96183206,1.510158
240,139,2,56579,33,19.907,56.48854962,1.552746
240,140,1,59098,34,20.122,57.2519084,1.569516
240,141,1,59098,35,19.056,58.01526718,1.486368
240,141,0,60689,35,19.414,58.01526718,1.514292
240,141,0,64860,36,19.696,58.01526718,1.536288
240,141,0,64860,37,19.225,58.01526718,1.49955
240,141,0,65350,37,19.922,58.01526718,1.553916
240,142,1,65350,38,21.222,58.77862595,1.655316
240,143,1,65564,38,21.5,59.54198473,1.677
240,143,0,67389,38,20.978,59.54198473,1.636284
240,145,2,67389,38,19.768,61.06870229,1.541904
240,147,2,67287,38,21.066,62.59541985,1.643148
240,148,1,66267,38,22.064,63.35877863,1.720992
240,150,2,66267,38,21.919,64.88549618,1.709682
240,151,1,66747,38,23.304,65.64885496,1.817712
240,152,1,65451,38,23.917,66.41221374,1.865526
240,153,1,65451,38,22.501,67.17557252,1.755078
240,154,1,65248,38,24.802,67.9389313,1.934556
240,154,0,66135,39,26.791,67.9389313,2.089698
240,155,1,66135,39,24.327,68.70229008,1.897506
240,155,0,68246,39,21.863,68.70229008,1.705314
240,156,1,68246,39,23.529,69.46564885,1.835262
240,156,0,68246,38,25.367,69.46564885,1.978626
240,156,0,65513,37,28.705,69.46564885,2.23899
240,157,1,66961,36,31.719,70.22900763,2.474082
240,157,0,66961,35,31.948,70.22900763,2.491944
240,157,0,67338,35,30.853,70.22900763,2.406534
240,158,1,69806,35,29.982,70.99236641,2.338596
240,158,0,69806,34,32.12,70.99236641,2.50536
240,159,1,71999,34,33.399,71.75572519,2.605122
240,160,1,73498,34,33.764,72.51908397,2.633592
240,161,1,73498,35,31.077,73.28244275,2.424006
240,163,2,73345,35,30.366,74.80916031,2.368548
240,164,1,78882,36,30.913,75.57251908,2.411214
240,165,1,78882,38,32.657,76.33587786,2.547246
240,167,2,80310,39,30.551,77.86259542,2.382978
240,167,0,80687,40,29.273,77.86259542,2.283294
240,168,1,80687,40,32.603,78.6259542,2.543034
240,168,0,80952,40,32.727,78.6259542,2.552706
240,169,1,80330,40,32.289,79.38931298,2.518542
240,169,0,80330,40,32.609,79.38931298,2.543502
240,170,1,81891,40,31.083,80.15267176,2.424474
240,170,0,80545,40,32.449,80.15267176,2.531022
240,170,0,80545,41,37.113,80.15267176,2.894814
240,171,1,83176,41,34.528,80.91603053,2.693184
240,172,1,82452,41,33.552,81.67938931,2.617056
240,172,0,82452,40,34.588,81.67938931,2.697864
240,173,1,84817,40,33.199,82.44274809,2.589522
240,173,0,84675,40,33.835,82.44274809,2.63913
240,174,1,86663,41,35.546,83.20610687,2.772588
240,175,1,86663,42,33.245,83.96946565,2.59311
240,175,0,85582,42,33.789,83.96946565,2.635542
240,175,0,88244,41,35.91,83.96946565,2.80098
240,176,1,88244,41,35.831,84.73282443,2.794818
240,176,0,86949,41,35.73,84.73282443,2.78694
240,177,1,89825,40,35.281,85.49618321,2.751918
240,177,0,89825,41,33.77,85.49618321,2.63406
240,177,0,88315,41,35.319,85.49618321,2.754882
240,178,1,90120,41,36.911,86.25954198,2.879058
240,178,0,90120,40,34.372,86.25954198,2.681016
240,178,0,88224,40,35.251,86.25954198,2.749578
240,178,0,88132,40,36.831,86.25954198,2.872818
240,179,1,88132,40,36.358,87.02290076,2.835924
240,179,0,89723,41,35.61,87.02290076,2.77758
240,180,1,90304,41,35.222,87.78625954,2.747316
240,180,0,90304,41,35.415,87.78625954,2.76237
240,181,1,91538,41,36.417,88.54961832,2.840526
240,181,0,93445,41,37.196,88.54961832,2.901288
240,182,1,93445,41,37.685,89.3129771,2.93943
240,182,0,92986,41,37.375,89.3129771,2.91525
240,182,0,96953,41,37.841,89.3129771,2.951598
240,182,0,96953,42,38.744,89.3129771,3.022032
240,182,0,98993,42,36.656,89.3129771,2.859168
240,182,0,97494,41,35.388,89.3129771,2.760264
240,182,0,97494,41,34.774,89.3129771,2.712372
240,182,0,97249,41,35.074,89.3129771,2.735772
240,181,-1,94200,40,36.39,88.54961832,2.83842
240,181,0,94200,40,38.289,88.54961832,2.986542
240,181,0,93822,40,38.234,88.54961832,2.982252
240,180,-1,94465,40,37.467,87.78625954,2.922426
240,180,0,94465,40,36.188,87.78625954,2.822664
240,181,1,92588,40,36.091,88.54961832,2.815098
240,181,0,92507,40,35.886,88.54961832,2.799108
240,181,0,92507,40,35.545,88.54961832,2.77251
240,181,0,92231,39,39.585,88.54961832,3.08763
240,181,0,92160,39,41.128,88.54961832,3.207984
240,181,0,92160,39,37.555,88.54961832,2.92929
240,180,-1,93119,39,37.352,87.78625954,2.913456
240,180,0,97483,39,37.684,87.78625954,2.939352
240,180,0,97483,39,38.123,87.78625954,2.973594
240,181,1,97698,39,39.357,88.54961832,3.069846
240,181,0,1.01E+05,39,38.866,88.54961832,3.031548
240,181,0,1.01E+05,39,35.783,88.54961832,2.791074
240,182,1,1.01E+05,40,35.298,89.3129771,2.753244
240,182,0,1.03E+05,40,35.675,89.3129771,2.78265
240,182,0,1.03E+05,40,37.456,89.3129771,2.921568
240,182,0,1.01E+05,40,39.052,89.3129771,3.046056
240,182,0,1.04E+05,40,39.593,89.3129771,3.088254
240,183,1,1.04E+05,40,36.179,90.07633588,2.821962
240,183,0,98636,39,36.698,90.07633588,2.862444
240,183,0,98636,39,39.429,90.07633588,3.075462
240,183,0,1.00E+05,39,37.955,90.07633588,2.96049
240,183,0,98238,38,37.115,90.07633588,2.89497
240,182,-1,98238,38,36.978,89.3129771,2.884284
240,182,0,95944,38,37.944,89.3129771,2.959632
240,182,0,95668,38,39.201,89.3129771,3.057678
240,182,0,95668,39,40.527,89.3129771,3.161106
240,182,0,96239,39,41.346,89.3129771,3.224988
240,182,0,95474,39,39.435,89.3129771,3.07593
240,183,1,98799,40,37.419,90.07633588,2.918682
240,183,0,98799,40,39.67,90.07633588,3.09426
240,183,0,98452,40,38.284,90.07633588,2.986152
25,184,1,1.00E+05,41,36.369,90.83969466,2.836782
25,184,0,1.00E+05,41,37.113,90.83969466,2.894814
25,184,0,1.04E+05,41,35.696,90.83969466,2.784288
25,184,0,1.04E+05,41,34.754,90.83969466,2.710812
25,185,1,1.04E+05,41,36.005,91.60305344,2.80839
25,185,0,1.04E+05,41,34.588,91.60305344,2.697864
25,185,0,1.02E+05,40,32.91,91.60305344,2.56698
25,185,0,1.02E+05,40,33.195,91.60305344,2.58921
25,184,-1,99441,40,32.896,90.83969466,2.565888
25,184,0,99441,40,32.292,90.83969466,2.518776
25,184,0,94108,39,32.169,90.83969466,2.509182
25,184,0,89213,39,32.2,90.83969466,2.5116
25,183,-1,89213,39,32.372,90.07633588,2.525016
25,183,0,85480,39,33.465,90.07633588,2.61027
25,182,-1,81105,39,33.983,89.3129771,2.650674
25,182,0,81105,39,34.05,89.3129771,2.6559
25,181,-1,79912,38,34.363,88.54961832,2.680314
25,181,0,77975,38,34.778,88.54961832,2.712684
25,180,-1,77975,38,35.355,87.78625954,2.75769
25,180,0,75476,38,34.362,87.78625954,2.680236
25,179,-1,76934,39,32.89,87.02290076,2.56542
25,179,0,76934,39,31.529,87.02290076,2.459262
25,178,-1,76527,39,30.752,86.25954198,2.398656
25,178,0,76527,38,30.718,86.25954198,2.396004
25,177,-1,75833,38,31.171,85.49618321,2.431338
25,176,-1,76292,38,31.129,84.73282443,2.428062
25,176,0,76292,38,30.127,84.73282443,2.349906
25,175,-1,76363,38,29.291,83.96946565,2.284698
25,174,-1,76363,38,28.514,83.20610687,2.224092
25,173,-1,77332,38,27.509,82.44274809,2.145702
240,173,0,76578,37,26.67,82.44274809,2.08026
240,172,-1,76578,37,30.322,81.67938931,2.365116
240,172,0,74681,36,32.536,81.67938931,2.537808
240,171,-1,74681,36,33.064,80.91603053,2.578992
240,171,0,77924,36,31.547,80.91603053,2.460666
240,171,0,80596,36,30.179,80.91603053,2.353962
240,171,0,80596,36,30.518,80.91603053,2.380404
240,171,0,81248,36,30.873,80.91603053,2.408094
240,171,0,83339,36,31.172,80.91603053,2.431416
240,171,0,83339,36,30.476,80.91603053,2.377128
240,171,0,84195,36,30.158,80.91603053,2.352324
240,170,-1,84195,36,30.189,80.15267176,2.354742
240,170,0,89019,36,29.734,80.15267176,2.319252
240,170,0,94271,37,29.353,80.15267176,2.289534
240,170,0,94271,38,29.078,80.15267176,2.268084
240,170,0,93465,38,29.45,80.15267176,2.2971
240,171,1,91273,38,29.66,80.91603053,2.31348
240,171,0,91273,38,29.405,80.91603053,2.29359
240,171,0,94169,38,29.395,80.91603053,2.29281
240,171,0,92915,39,30.102,80.91603053,2.347956
240,172,1,92915,39,32.515,81.67938931,2.53617
240,172,0,94648,39,32.655,81.67938931,2.54709
240,172,0,94485,39,31.941,81.67938931,2.491398
240,173,1,94485,39,30.692,82.44274809,2.393976
240,173,0,93894,39,31.25,82.44274809,2.4375
240,173,0,92180,40,32.462,82.44274809,2.532036
240,173,0,96076,41,33.81,82.44274809,2.63718
240,174,1,96076,41,34.79,83.20610687,2.71362
240,174,0,95485,42,32.728,83.20610687,2.552784
240,175,1,96331,42,31.276,83.96946565,2.439528
25,175,0,96331,42,32.674,83.96946565,2.548572
25,176,1,95240,42,32.421,84.73282443,2.528838
25,176,0,94577,42,32.191,84.73282443,2.510898
25,177,1,94577,42,32.012,85.49618321,2.496936
25,177,0,91752,42,29.942,85.49618321,2.335476
25,177,0,90335,42,28.592,85.49618321,2.230176
25,178,1,90335,41,28.771,86.25954198,2.244138
25,178,0,87979,41,29.195,86.25954198,2.27721
25,178,0,84063,40,29.489,86.25954198,2.300142
25,178,0,84063,39,28.984,86.25954198,2.260752
25,178,0,82125,39,26.655,86.25954198,2.07909
25,178,0,80310,39,23.469,86.25954198,1.830582
25,178,0,80310,39,20.679,86.25954198,1.612962
25,177,-1,80310,39,24.095,85.49618321,1.87941
25,177,0,72192,38,27.577,85.49618321,2.151006
25,176,-1,72192,36,31.32,84.73282443,2.44296
25,175,-1,68674,34,33.866,83.96946565,2.641548
25,175,0,68674,33,33.332,83.96946565,2.599896
25,174,-1,70102,33,33.351,83.20610687,2.601378
25,173,-1,70102,33,34.135,82.44274809,2.66253
25,172,-1,68113,33,33.835,81.67938931,2.63913
25,171,-1,68113,32,33.013,80.91603053,2.575014
25,170,-1,67950,32,33.988,80.15267176,2.651064
25,169,-1,66430,32,33.581,79.38931298,2.619318
25,169,0,66430,32,30.495,79.38931298,2.37861
25,168,-1,66206,31,29.169,78.6259542,2.275182
25,167,-1,66206,31,28.527,77.86259542,2.225106
25,167,0,69133,32,26.164,77.86259542,2.040792
25,166,-1,70979,33,24.188,77.09923664,1.886664
25,165,-1,70979,35,25.03,76.33587786,1.95234
240,163,-2,67144,35,26.254,74.80916031,2.047812
240,163,0,67144,35,29.002,74.80916031,2.262156
240,162,-1,66849,34,30.271,74.04580153,2.361138
240,161,-1,66849,34,29.935,73.28244275,2.33493
240,161,0,68276,34,30.06,73.28244275,2.34468
240,161,0,70183,34,29.593,73.28244275,2.308254
240,162,1,70183,35,27.626,74.04580153,2.154828
240,163,1,72661,35,27.461,74.80916031,2.141958
240,163,0,74732,35,27.622,74.80916031,2.154516
240,164,1,74732,35,27.461,75.57251908,2.141958
240,163,-1,77862,36,27.731,74.80916031,2.163018
240,163,0,81656,36,27.656,74.80916031,2.157168
240,163,0,81656,37,26.306,74.80916031,2.051868
240,163,0,85246,38,26.725,74.80916031,2.08455
240,163,0,85827,39,27.875,74.80916031,2.17425
240,164,1,85827,39,28.451,75.57251908,2.219178
240,165,1,85970,39,28.197,76.33587786,2.199366
240,166,1,85072,39,27.61,77.09923664,2.15358
240,167,1,85072,39,27.106,77.86259542,2.114268
240,168,1,85695,40,28.715,78.6259542,2.23977
240,168,0,85399,40,29.79,78.6259542,2.32362
240,169,1,85399,40,29.023,79.38931298,2.263794
240,169,0,86714,40,30.899,79.38931298,2.410122
240,170,1,86011,40,31.897,80.15267176,2.487966
240,171,1,86011,41,31.359,80.91603053,2.446002
240,171,0,88570,41,28.89,80.91603053,2.25342
240,172,1,88030,41,29.993,81.67938931,2.339454
240,172,0,85725,41,31.849,81.67938931,2.484222
240,172,0,85725,42,31.037,81.67938931,2.420886
240,172,0,86286,42,30.469,81.67938931,2.376582
240,172,0,84359,42,31.182,81.67938931,2.432196
240,173,1,84359,42,34.759,82.44274809,2.711202
240,173,0,84726,41,34.097,82.44274809,2.659566
240,173,0,86877,42,33.6,82.44274809,2.6208
240,173,0,86877,42,33.736,82.44274809,2.631408
240,174,1,87897,42,33.211,83.20610687,2.590458
240,174,0,89376,42,33.263,83.20610687,2.594514
240,175,1,89376,41,34.272,83.96946565,2.673216
240,176,1,92884,41,34.04,84.73282443,2.65512
240,177,1,93527,41,33.712,85.49618321,2.629536
240,178,1,93527,41,33.36,86.25954198,2.60208
240,179,1,98269,41,33.803,87.02290076,2.636634
240,180,1,97463,41,33.884,87.78625954,2.642952
240,181,1,99054,41,33.92,88.54961832,2.64576
240,181,0,99054,41,35.272,88.54961832,2.751216
240,182,1,96229,41,33.655,89.3129771,2.62509
240,182,0,97218,41,32.801,89.3129771,2.558478
240,182,0,97218,41,34.343,89.3129771,2.678754
240,183,1,94577,41,37.857,90.07633588,2.952846
240,183,0,96984,42,37.355,90.07633588,2.91369
240,183,0,95750,42,36.748,90.07633588,2.866344
240,184,1,95750,43,37.735,90.83969466,2.94333
240,184,0,96158,43,38.607,90.83969466,3.011346
240,184,0,96974,44,35.711,90.83969466,2.785458
240,184,0,1.00E+05,44,33.746,90.83969466,2.632188
240,185,1,1.00E+05,45,34.644,91.60305344,2.702232
240,185,0,1.00E+05,45,36.81,91.60305344,2.87118
240,185,0,1.04E+05,45,36.819,91.60305344,2.871882
240,185,0,1.03E+05,45,36.842,91.60305344,2.873676
240,185,0,1.03E+05,45,37.771,91.60305344,2.946138
25,185,0,1.05E+05,45,38.396,91.60305344,2.994888
25,185,0,1.05E+05,44,41.724,91.60305344,3.254472
25,186,1,1.05E+05,44,47.013,92.36641221,3.667014
25,186,0,1.04E+05,43,45.479,92.36641221,3.547362
25,186,0,1.04E+05,42,32.813,92.36641221,2.559414
25,186,0,98544,41,31.783,92.36641221,2.479074
25,186,0,96392,40,31.537,92.36641221,2.459886
25,186,0,96392,40,31.671,92.36641221,2.470338
25,186,0,93251,40,30.378,92.36641221,2.369484
25,186,0,89182,39,29.812,92.36641221,2.325336
25,185,-1,89182,39,30.036,91.60305344,2.342808
25,184,-1,84410,39,32.104,90.83969466,2.504112
25,183,-1,82452,38,33.403,90.07633588,2.605434
25,183,0,82452,38,33.447,90.07633588,2.608866
25,182,-1,76934,38,32.964,89.3129771,2.571192
25,181,-1,76445,39,32.816,88.54961832,2.559648
25,181,0,76445,39,33.377,88.54961832,2.603406
25,180,-1,74711,40,33.685,87.78625954,2.62743
25,180,0,75303,39,33.304,87.78625954,2.597712
25,180,0,75303,39,31.785,87.78625954,2.47923
25,179,-1,74834,39,30.125,87.02290076,2.34975
25,179,0,74568,39,29.092,87.02290076,2.269176
25,178,-1,74568,39,29.785,86.25954198,2.32323
25,178,0,73131,39,31.841,86.25954198,2.483598
25,178,0,72621,39,33.498,86.25954198,2.612844
25,177,-1,72621,39,32.041,85.49618321,2.499198
25,176,-1,73151,39,31.835,84.73282443,2.48313
25,176,0,73661,39,31.027,84.73282443,2.420106
25,175,-1,73661,39,26.613,83.96946565,2.075814
25,174,-1,72937,39,23.859,83.20610687,1.861002
25,174,0,72937,39,22.408,83.20610687,1.747824
25,173,-1,70387,39,23.457,82.44274809,1.829646
25,172,-1,70387,39,24.982,81.67938931,1.948596
25,171,-1,68378,38,28.222,80.91603053,2.201316
25,170,-1,69245,38,30.185,80.15267176,2.35443
25,169,-1,69245,37,29.528,79.38931298,2.303184
25,168,-1,69429,37,28.182,78.6259542,2.198196
25,168,0,69531,36,26.924,78.6259542,2.100072
25,167,-1,69531,36,27.171,77.86259542,2.119338
25,166,-1,69531,36,27.111,77.09923664,2.114658
25,166,0,69531,36,26.768,77.09923664,2.087904
25,166,0,68062,36,25.814,77.09923664,2.013492
25,165,-1,68919,36,24.817,76.33587786,1.935726
25,165,0,68919,36,24.178,76.33587786,1.885884
25,164,-1,71254,36,23.869,75.57251908,1.861782
25,164,0,71254,36,24.096,75.57251908,1.879488
25,163,-1,70826,36,24.054,74.80916031,1.876212
25,163,0,71213,36,23.684,74.80916031,1.847352
25,162,-1,71213,36,22.032,74.04580153,1.718496
25,162,0,70153,36,21.406,74.04580153,1.669668
25,161,-1,70153,36,21.463,73.28244275,1.674114
25,161,0,69939,36,21.431,73.28244275,1.671618
25,160,-1,70122,36,21.376,72.51908397,1.667328
25,159,-1,70122,36,21.324,71.75572519,1.663272
25,159,0,70367,36,21.25,71.75572519,1.6575
25,158,-1,70367,36,21.136,70.99236641,1.648608
25,157,-1,68827,36,21.715,70.22900763,1.69377
25,157,0,68643,36,21.773,70.22900763,1.698294
25,157,0,68643,36,19.646,70.22900763,1.532388
25,156,-1,68521,36,19.053,69.46564885,1.486134
