Time,WR,HR,VE,BF,VO2rel,HRR,VO2,Unnamed: 8,Unnamed: 9,Unnamed: 10
7.0,25.0,118.0,1173.925,23.0,9.980991454356618,37.70491803,0.6228138668088236,,,
8.0,25.0,121.0,1173.925,23.0,9.838610526966912,40.16393443,0.6139292969558823,,,
9.0,25.0,121.0,1356.94,23.0,9.696229599577205,40.16393443,0.6050447271029411,,,
10.0,25.0,123.0,1356.94,23.0,9.655352494616935,41.80327869,0.6024939957580645,,,
11.0,25.0,125.0,1356.94,23.0,9.811512221431451,43.44262295,0.6122383626935484,,,
12.0,25.0,126.0,1446.414,23.0,9.967671948245968,44.26229508,0.6219827296290322,,,
13.0,25.0,127.0,1446.414,23.0,9.749924622697842,45.08196721,0.6083952965395684,,,
14.0,25.0,126.0,1521.3629999999998,22.0,9.471308707230214,44.26229508,0.5910096634460431,,,
15.0,25.0,126.0,1521.3629999999998,22.0,9.214982065,44.26229508,0.575014881,,,
16.0,25.0,126.0,1521.3629999999998,22.0,9.214982065,44.26229508,0.575014881,,,
17.0,25.0,125.0,1521.3629999999998,22.0,9.214982065,43.44262295,0.575014881,,,
18.0,25.0,123.0,1883.326,22.0,9.214982065,41.80327869,0.575014881,,,
19.0,25.0,122.0,1883.326,22.0,9.214982065,40.98360656,0.575014881,,,
20.0,25.0,121.0,1883.326,22.0,9.181766240059321,40.16393443,0.5729422135508474,,,
21.0,25.0,121.0,1883.326,22.0,9.030785217601695,40.16393443,0.5635209978728813,,,
22.0,25.0,121.0,1839.751,22.0,8.879804195144068,40.16393443,0.5540997821949153,,,
23.0,25.0,121.0,1839.751,22.0,8.858666852,40.16393443,0.5527808120000001,,,
24.0,25.0,120.0,1878.6779999999999,22.0,8.858666852,39.3442623,0.5527808120000001,,,
25.0,25.0,119.0,1878.6779999999999,21.0,8.858666852,38.52459016,0.5527808120000001,,,
26.0,25.0,121.0,1878.6779999999999,21.0,8.858666852,40.16393443,0.5527808120000001,,,
27.0,25.0,121.0,1831.036,21.0,8.858666852,40.16393443,0.5527808120000001,,,
28.0,25.0,122.0,1831.036,20.0,8.722213669972973,40.98360656,0.5442661334189189,,,
29.0,25.0,121.0,1831.036,20.0,8.412092801729731,40.16393443,0.5249145911891893,,,
30.0,25.0,121.0,1812.444,20.0,8.101971933486487,40.16393443,0.5055630489594595,,,
31.0,25.0,120.0,1812.444,20.0,7.940709082000001,39.3442623,0.495500247,,,
32.0,25.0,120.0,1812.444,20.0,7.940709082000001,39.3442623,0.495500247,,,
33.0,25.0,120.0,1812.444,20.0,7.940709082000001,39.3442623,0.495500247,,,
34.0,25.0,118.0,1763.059,20.0,7.940709082000001,37.70491803,0.495500247,,,
35.0,25.0,117.0,1763.059,20.0,8.110505760666669,36.885245899999994,0.5060955596666667,,,
36.0,25.0,116.0,1763.059,19.0,8.817991921777779,36.06557377,0.5502426957777777,,,
37.0,25.0,115.0,1630.01,19.0,9.274183557080747,35.24590164,0.5787090536397516,,,
38.0,25.0,116.0,1630.01,19.0,9.410545795900623,36.06557377,0.5872180573664596,,,
39.0,25.0,116.0,1459.1960000000001,19.0,9.546908034720499,36.06557377,0.5957270610931676,,,
40.0,25.0,116.0,1459.1960000000001,19.0,9.654699007486668,36.06557377,0.6024532178066666,,,
41.0,25.0,116.0,1459.1960000000001,20.0,9.661191855153334,36.06557377,0.6028583714733333,,,
42.0,25.0,117.0,1459.1960000000001,20.0,9.66768470282,36.885245899999994,0.60326352514,,,
43.0,25.0,118.0,1761.316,20.0,9.674177550486668,37.70491803,0.6036686788066666,,,
44.0,25.0,118.0,1761.316,20.0,9.680670398153334,37.70491803,0.6040738324733333,,,
45.0,25.0,118.0,1761.316,20.0,9.68716324582,37.70491803,0.6044789861400001,,,
46.0,25.0,118.0,1761.316,20.0,9.71256454455,37.70491803,0.6060640271769231,,,
47.0,25.0,119.0,1761.316,20.0,9.80500489705,38.52459016,0.6118323052538461,,,
48.0,25.0,119.0,1761.316,20.0,9.897445249550001,38.52459016,0.6176005833307693,,,
49.0,25.0,117.0,1656.736,19.0,9.98988560205,36.885245899999994,0.6233688614076923,,,
50.0,25.0,115.0,1656.736,18.0,10.08232595455,35.24590164,0.6291371394846155,,,
51.0,25.0,113.0,1656.736,17.0,10.169508352248227,33.60655738,0.634577321177305,,,
52.0,25.0,112.0,1656.736,17.0,9.999050964659574,32.78688525,0.6239407800425532,,,
53.0,25.0,112.0,1518.4579999999999,16.0,9.828593577070922,32.78688525,0.6133042389078014,,,
54.0,25.0,113.0,1518.4579999999999,16.0,9.692227667000001,33.60655738,0.604795006,,,
55.0,25.0,113.0,1518.4579999999999,16.0,9.692227667000001,33.60655738,0.604795006,,,
56.0,25.0,112.0,1498.1229999999998,16.0,9.692227667000001,32.78688525,0.604795006,,,
57.0,25.0,111.0,1498.1229999999998,16.0,9.692227667000001,31.96721311,0.604795006,,,
58.0,25.0,112.0,1498.1229999999998,16.0,9.692227667000001,32.78688525,0.604795006,,,
59.0,25.0,112.0,1535.888,16.0,9.692227667000001,32.78688525,0.604795006,,,
60.0,25.0,112.0,1535.888,16.0,10.101796373963964,32.78688525,0.6303520933783784,,,
61.0,25.0,112.0,1596.3120000000001,17.0,10.601270406846847,32.78688525,0.6615192731081081,,,
62.0,25.0,112.0,1596.3120000000001,17.0,10.64281144734375,32.78688525,0.6641114340625,,,
63.0,25.0,111.0,1596.3120000000001,17.0,10.37906382625,31.96721311,0.6476535824999999,,,
64.0,25.0,111.0,1556.8039999999999,17.0,10.134990352027028,31.96721311,0.6324233977027026,,,
65.0,25.0,112.0,1556.8039999999999,17.0,10.363096402702702,32.78688525,0.6466572152702702,,,
66.0,25.0,112.0,1458.615,17.0,10.591202453378378,32.78688525,0.6608910328378378,,,
67.0,25.0,113.0,1458.615,17.0,10.80106002,33.60655738,0.673986145,,,
68.0,25.0,114.0,1458.615,18.0,10.80106002,34.42622951,0.673986145,,,
69.0,25.0,114.0,1516.715,19.0,10.80106002,34.42622951,0.673986145,,,
70.0,25.0,114.0,1516.715,20.0,10.83123531413793,34.42622951,0.6758690834224138,,,
71.0,25.0,114.0,1700.892,21.0,10.896833779655172,34.42622951,0.6799624278189655,,,
72.0,25.0,114.0,1700.892,22.0,10.939578380873785,34.42622951,0.6826296910679612,,,
73.0,25.0,114.0,1700.892,23.0,10.841934958543689,34.42622951,0.676536741553398,,,
74.0,25.0,114.0,1699.149,24.0,10.758340078217055,34.42622951,0.6713204210542635,,,
75.0,25.0,115.0,1699.149,24.0,10.836303430930233,35.24590164,0.6761853342325581,,,
76.0,25.0,114.0,1703.797,24.0,10.914266783643411,34.42622951,0.6810502474108527,,,
77.0,25.0,115.0,1703.797,24.0,10.907945430720721,35.24590164,0.680655794990991,,,
78.0,25.0,115.0,1744.467,24.0,10.817339372162163,35.24590164,0.6750019769729729,,,
79.0,25.0,115.0,1744.467,24.0,10.75451888586777,35.24590164,0.6710819786115702,,,
80.0,25.0,116.0,1744.467,24.0,10.763147013966941,36.06557377,0.6716203736528925,,,
81.0,25.0,115.0,1775.8410000000001,24.0,10.771775142066115,35.24590164,0.6721587686942149,,,
82.0,25.0,115.0,1775.8410000000001,24.0,10.77298308,35.24590164,0.672234144,,,
83.0,25.0,115.0,1756.668,25.0,10.77298308,35.24590164,0.672234144,,,
84.0,25.0,114.0,1756.668,25.0,10.779676983779527,34.42622951,0.6726518435905512,,,
85.0,25.0,115.0,1756.668,25.0,10.827490582204724,35.24590164,0.6756354120944882,,,
86.0,25.0,114.0,1781.07,25.0,10.875304180629922,34.42622951,0.6786189805984252,,,
87.0,25.0,114.0,1781.07,25.0,10.86947485150685,34.42622951,0.6782552304657534,,,
88.0,25.0,114.0,1781.07,25.0,10.827883570684932,34.42622951,0.6756599345753425,,,
89.0,25.0,113.0,1806.634,25.0,10.786292289863013,33.60655738,0.6730646386849315,,,
90.0,25.0,113.0,1806.634,25.0,10.77298308,33.60655738,0.672234144,,,
91.0,25.0,112.0,1796.1760000000002,24.0,10.77298308,32.78688525,0.672234144,,,
92.0,25.0,112.0,1796.1760000000002,24.0,10.7901880065,32.78688525,0.6733077314,,,
93.0,25.0,112.0,1796.1760000000002,24.0,10.8407907315,32.78688525,0.6764653414,,,
94.0,25.0,111.0,1767.707,24.0,10.8913934565,31.96721311,0.6796229514,,,
95.0,25.0,111.0,1767.707,24.0,10.427372269150377,31.96721311,0.6506680295789473,,,
96.0,25.0,110.0,1795.014,24.0,9.930502746969925,31.14754098,0.6196633716842105,,,
97.0,25.0,110.0,1795.014,24.0,9.572756691,31.14754098,0.5973400179999999,,,
98.0,25.0,111.0,1795.014,24.0,9.572756691,31.96721311,0.5973400179999999,,,
99.0,25.0,111.0,1795.014,24.0,9.572756691,31.96721311,0.5973400179999999,,,
100.0,25.0,110.0,2044.263,23.0,9.572756691,31.14754098,0.5973400179999999,,,
101.0,25.0,110.0,2044.263,22.0,9.572756691,31.14754098,0.5973400179999999,,,
102.0,25.0,109.0,2044.263,22.0,9.572756691,30.32786885,0.5973400179999999,,,
103.0,25.0,110.0,2044.263,21.0,9.572756691,31.14754098,0.5973400179999999,,,
104.0,25.0,110.0,1844.399,21.0,9.572756691,31.14754098,0.5973400179999999,,,
105.0,25.0,111.0,1844.399,21.0,9.63769043256906,31.96721311,0.6013918834585634,,,
106.0,25.0,111.0,1844.399,20.0,9.753643542513812,31.96721311,0.6086273574917127,,,
107.0,25.0,110.0,1910.6329999999998,20.0,9.869596652458563,31.14754098,0.6158628315248619,,,
108.0,25.0,108.0,1910.6329999999998,20.0,9.985549762403314,29.50819672,0.623098305558011,,,
109.0,25.0,109.0,1910.6329999999998,20.0,9.823800843650794,30.32786885,0.6130051729444445,,,
110.0,25.0,110.0,1819.4160000000002,20.0,9.644326263492063,31.14754098,0.6018059590555556,,,
111.0,25.0,111.0,1819.4160000000002,20.0,9.609055606869566,31.96721311,0.5996050700652175,,,
112.0,25.0,111.0,1819.4160000000002,20.0,9.772923701797101,31.96721311,0.609830439268116,,,
113.0,25.0,111.0,1846.723,19.0,9.936791796724636,31.96721311,0.6200558084710145,,,
114.0,25.0,110.0,1846.723,19.0,9.992506949,31.14754098,0.623532434,,,
115.0,25.0,111.0,1846.723,19.0,9.992506949,31.96721311,0.623532434,,,
116.0,25.0,113.0,1805.4720000000002,19.0,9.992506949,33.60655738,0.623532434,,,
117.0,25.0,115.0,1805.4720000000002,19.0,9.992506949,35.24590164,0.623532434,,,
118.0,25.0,117.0,1805.4720000000002,19.0,10.758711793875003,36.885245899999994,0.6713436162321431,,,
119.0,25.0,117.0,1756.0870000000002,19.0,11.591543147000005,36.885245899999994,0.7233122925714289,,,
120.0,25.0,117.0,1756.0870000000002,18.0,11.85804918,36.885245899999994,0.739942269,,,
121.0,25.0,118.0,1549.251,18.0,11.85804918,37.70491803,0.739942269,,,
122.0,25.0,119.0,1549.251,19.0,11.85804918,38.52459016,0.739942269,,,
123.0,25.0,119.0,1742.1429999999998,20.0,11.85804918,38.52459016,0.739942269,,,
124.0,25.0,119.0,1742.1429999999998,21.0,11.832389805555556,38.52459016,0.7383411240555556,,,
125.0,25.0,119.0,1742.1429999999998,21.0,11.649108559523809,38.52459016,0.726904374452381,,,
126.0,25.0,118.0,1709.6070000000002,22.0,11.465827313492063,37.70491803,0.7154676248492063,,,
127.0,25.0,117.0,1709.6070000000002,22.0,11.323771120088495,36.885245899999994,0.7066033183716813,,,
128.0,25.0,117.0,1792.69,22.0,11.206981894424779,36.885245899999994,0.6993156705840706,,,
129.0,25.0,117.0,1792.69,22.0,11.13223679,36.885245899999994,0.6946515759999999,,,
130.0,25.0,117.0,1792.69,23.0,11.13223679,36.885245899999994,0.6946515759999999,,,
131.0,25.0,116.0,1818.254,23.0,11.13223679,36.06557377,0.6946515759999999,,,
132.0,25.0,117.0,1818.254,23.0,11.13725634168,36.885245899999994,0.694964795912,,,
133.0,25.0,117.0,1929.806,23.0,11.143093029680001,36.885245899999994,0.695329005112,,,
134.0,25.0,118.0,1929.806,24.0,11.14682851,37.70491803,0.6955620990000001,,,
135.0,25.0,118.0,1929.806,24.0,11.14682851,37.70491803,0.6955620990000001,,,
136.0,25.0,118.0,2009.984,24.0,11.14682851,37.70491803,0.6955620990000001,,,
137.0,25.0,119.0,2009.984,25.0,11.156790262520326,38.52459016,0.6961837123333334,,,
138.0,25.0,119.0,2009.4029999999998,25.0,11.167618254390245,38.52459016,0.6968593790000001,,,
139.0,25.0,120.0,2009.4029999999998,25.0,11.17346537,39.3442623,0.6972242390000001,,,
140.0,25.0,119.0,1985.001,25.0,11.17346537,38.52459016,0.6972242390000001,,,
141.0,25.0,119.0,1985.001,25.0,11.181544651954889,38.52459016,0.6977283862030076,,,
142.0,25.0,119.0,1985.001,25.0,11.248872001578947,38.52459016,0.7019296128947369,,,
143.0,25.0,119.0,1987.906,24.0,11.316199351203007,38.52459016,0.7061308395864663,,,
144.0,25.0,118.0,1987.906,25.0,11.35255612,37.70491803,0.708399502,,,
145.0,25.0,118.0,1987.906,25.0,11.35255612,37.70491803,0.708399502,,,
146.0,25.0,117.0,2004.174,25.0,11.35255612,36.885245899999994,0.708399502,,,
147.0,25.0,117.0,2004.174,24.0,11.313360198461538,36.885245899999994,0.7059536764529915,,,
148.0,25.0,117.0,1982.096,24.0,11.260392736923077,36.885245899999994,0.7026485067948718,,,
149.0,25.0,118.0,1982.096,24.0,11.22861226,37.70491803,0.700665405,,,
150.0,25.0,118.0,1977.4479999999999,24.0,11.22861226,37.70491803,0.700665405,,,
151.0,25.0,119.0,1977.4479999999999,24.0,11.22861226,38.52459016,0.700665405,,,
152.0,25.0,121.0,1977.4479999999999,24.0,11.22861226,40.16393443,0.700665405,,,
153.0,25.0,121.0,2050.073,24.0,11.22861226,40.16393443,0.700665405,,,
154.0,25.0,122.0,2050.073,24.0,11.209365830147059,40.98360656,0.6994644279264706,,,
155.0,25.0,122.0,2064.598,24.0,11.173724293382353,40.98360656,0.6972403963088235,,,
156.0,25.0,121.0,2064.598,24.0,11.138082756617647,40.16393443,0.6950163646911764,,,
157.0,25.0,120.0,2064.598,24.0,11.13166728,39.3442623,0.694616039,,,
158.0,25.0,119.0,2056.464,24.0,11.13166728,38.52459016,0.694616039,,,
159.0,25.0,117.0,2056.464,24.0,11.13166728,36.885245899999994,0.694616039,,,
160.0,25.0,116.0,2056.464,24.0,11.13166728,36.06557377,0.694616039,,,
161.0,25.0,115.0,2027.414,23.0,11.13166728,35.24590164,0.694616039,,,
162.0,25.0,114.0,2027.414,23.0,11.092463133932585,34.42622951,0.6921697000786518,,,
163.0,25.0,114.0,1983.2579999999998,24.0,11.039415473063064,34.42622951,0.688859525810811,,,
164.0,25.0,115.0,1983.2579999999998,24.0,10.922270423513515,35.24590164,0.6815496744594596,,,
165.0,25.0,115.0,2075.637,25.0,10.805125373963964,35.24590164,0.6742398231081083,,,
166.0,25.0,116.0,2075.637,25.0,10.77390507890909,36.06557377,0.6722916765454545,,,
167.0,25.0,116.0,2101.201,25.0,10.750156501636363,36.06557377,0.6708097651818182,,,
168.0,25.0,117.0,2101.201,25.0,10.7435069,36.885245899999994,0.67039483,,,
169.0,25.0,117.0,2033.224,25.0,10.7435069,36.885245899999994,0.67039483,,,
170.0,25.0,116.0,2033.224,25.0,10.7435069,36.06557377,0.67039483,,,
171.0,25.0,117.0,2033.224,25.0,10.7435069,36.885245899999994,0.67039483,,,
172.0,25.0,116.0,2012.308,25.0,10.7435069,36.06557377,0.67039483,,,
173.0,25.0,117.0,2012.308,25.0,10.7435069,36.885245899999994,0.67039483,,,
174.0,25.0,117.0,2012.308,25.0,10.7435069,36.885245899999994,0.67039483,,,
175.0,25.0,118.0,2064.598,26.0,10.7435069,37.70491803,0.67039483,,,
176.0,25.0,118.0,2064.598,26.0,10.7435069,37.70491803,0.67039483,,,
177.0,25.0,119.0,2064.598,26.0,10.7435069,38.52459016,0.67039483,,,
178.0,25.0,120.0,2350.45,25.0,10.7435069,39.3442623,0.67039483,,,
179.0,25.0,118.0,2350.45,24.0,10.7435069,37.70491803,0.67039483,,,
180.0,25.0,117.0,2350.45,24.0,10.7435069,36.885245899999994,0.67039483,,,
181.0,25.0,117.0,2350.45,24.0,10.795851188709676,36.885245899999994,0.6736611137096774,,,
182.0,25.0,117.0,2350.45,24.0,10.883091669892472,36.885245899999994,0.6791049198924731,,,
183.0,25.0,116.0,2170.9210000000003,23.0,10.970332151075269,36.06557377,0.6845487260752688,,,
184.0,25.0,114.0,2170.9210000000003,22.0,11.057572632258065,34.42622951,0.6899925322580646,,,
185.0,25.0,112.0,2170.9210000000003,21.0,11.034596128205129,32.78688525,0.6885587984871796,,,
186.0,25.0,111.0,2170.9210000000003,20.0,10.99659003525641,31.96721311,0.6861872183589744,,,
187.0,25.0,111.0,2150.005,20.0,10.958583942307692,31.96721311,0.6838156382307693,,,
188.0,25.0,111.0,2150.005,19.0,10.920577849358974,31.96721311,0.6814440581025643,,,
189.0,25.0,111.0,2150.005,19.0,10.882571756410258,31.96721311,0.6790724779743591,,,
190.0,25.0,112.0,2150.005,18.0,10.84456566346154,32.78688525,0.676700897846154,,,
191.0,25.0,112.0,2150.005,18.0,10.584801379263162,32.78688525,0.6604916064736845,,,
192.0,25.0,112.0,2150.005,18.0,10.200298112486845,32.78688525,0.6364986025263161,,,
193.0,25.0,112.0,1928.0629999999999,18.0,9.815794845710528,32.78688525,0.6125055985789475,,,
194.0,25.0,112.0,1928.0629999999999,17.0,9.66868579321875,32.78688525,0.60332599371875,,,
195.0,25.0,112.0,1928.0629999999999,16.0,9.67983955025,32.78688525,0.60402198825,,,
196.0,25.0,110.0,1894.365,16.0,9.690547157000001,31.14754098,0.604690143,,,
197.0,25.0,110.0,1894.365,16.0,9.690547157000001,31.14754098,0.604690143,,,
198.0,25.0,109.0,1874.611,16.0,9.690547157000001,30.32786885,0.604690143,,,
199.0,25.0,108.0,1874.611,16.0,9.685718236308825,29.50819672,0.6043888183088235,,,
200.0,25.0,107.0,1874.611,16.0,9.675220582632353,28.68852459,0.603733764632353,,,
201.0,25.0,104.0,1828.131,16.0,9.664722928955882,26.229508199999998,0.6030787109558823,,,
202.0,25.0,104.0,1828.131,16.0,9.661993539,26.229508199999998,0.602908397,,,
203.0,25.0,103.0,1589.921,16.0,9.661993539,25.40983607,0.602908397,,,
204.0,25.0,103.0,1589.921,16.0,9.666790546824,25.40983607,0.603207730328,,,
205.0,25.0,103.0,1589.921,17.0,9.678211994024,25.40983607,0.603920428728,,,
206.0,25.0,103.0,1692.1770000000001,17.0,9.689633441224,25.40983607,0.604633127128,,,
207.0,25.0,105.0,1692.1770000000001,18.0,9.762805565516128,27.04918033,0.6091990674516129,,,
208.0,25.0,106.0,1616.066,19.0,9.841347313903226,27.86885246,0.6141000722903226,,,
209.0,25.0,107.0,1616.066,19.0,9.903747167467742,28.68852459,0.6179938230967742,,,
210.0,25.0,108.0,1616.066,20.0,9.945602791258064,29.50819672,0.6206056142258065,,,
211.0,25.0,108.0,1800.8239999999998,21.0,9.987458415048387,29.50819672,0.6232174053548388,,,
212.0,25.0,109.0,1800.8239999999998,22.0,10.122171582439025,30.32786885,0.6316235066585366,,,
213.0,25.0,109.0,1845.5610000000001,23.0,10.26075381414634,30.32786885,0.6402710375528455,,,
214.0,25.0,110.0,1845.5610000000001,24.0,10.371470632290077,31.14754098,0.6471797669312976,,,
215.0,25.0,110.0,1845.5610000000001,24.0,10.454322036870229,31.14754098,0.652349694793893,,,
216.0,25.0,109.0,1850.79,24.0,10.537173441450381,30.32786885,0.6575196226564886,,,
217.0,25.0,109.0,1850.79,24.0,10.54711561,30.32786885,0.658140014,,,
218.0,25.0,109.0,1838.589,24.0,10.54711561,30.32786885,0.658140014,,,
219.0,25.0,110.0,1838.589,24.0,10.480157653600001,31.14754098,0.65396183756,,,
220.0,25.0,111.0,1838.589,24.0,10.378706204509092,31.96721311,0.6476312671963637,,,
221.0,25.0,111.0,1838.589,24.0,10.277254755418182,31.96721311,0.6413006968327273,,,
222.0,25.0,111.0,2165.692,24.0,10.175803306327273,31.96721311,0.634970126469091,,,
223.0,25.0,110.0,2165.692,24.0,10.074351857236364,31.14754098,0.6286395561054546,,,
224.0,25.0,110.0,2165.692,23.0,10.021715587153283,31.14754098,0.6253550528832117,,,
225.0,25.0,111.0,2165.692,23.0,10.225359006861312,31.96721311,0.6380624021532846,,,
226.0,25.0,111.0,1919.348,23.0,10.42900242656934,31.96721311,0.6507697514233576,,,
227.0,25.0,111.0,1919.348,21.0,10.59006528129771,31.96721311,0.6608200735954197,,,
228.0,25.0,111.0,1919.348,21.0,10.692326403435114,31.96721311,0.667201167870229,,,
229.0,25.0,111.0,1855.4379999999999,20.0,10.79458752557252,31.96721311,0.6735822621450381,,,
230.0,25.0,113.0,1855.4379999999999,20.0,10.81503975,33.60655738,0.6748584809999999,,,
231.0,25.0,115.0,1862.41,20.0,10.81503975,35.24590164,0.6748584809999999,,,
232.0,25.0,116.0,1862.41,20.0,10.81503975,36.06557377,0.6748584809999999,,,
233.0,25.0,116.0,1862.41,20.0,10.914717249402985,36.06557377,0.6810783567313432,,,
234.0,25.0,117.0,1885.65,20.0,11.045871853880598,36.885245899999994,0.6892624037462687,,,
235.0,25.0,116.0,1885.65,20.0,11.16653409,36.06557377,0.696791727,,,
236.0,25.0,116.0,1885.65,20.0,11.16653409,36.06557377,0.696791727,,,
237.0,25.0,114.0,1927.4820000000002,19.0,11.16653409,34.42622951,0.696791727,,,
238.0,25.0,114.0,1927.4820000000002,19.0,11.16653409,34.42622951,0.696791727,,,
239.0,25.0,113.0,1978.029,19.0,11.16653409,33.60655738,0.696791727,,,
240.0,25.0,113.0,1978.029,20.0,11.16340966173913,33.60655738,0.696596762673913,,,
241.0,25.41666667,113.0,1978.029,20.0,11.146051726956522,33.60655738,0.6955136275289856,,,
242.0,25.83333333,112.0,1764.8020000000001,20.0,11.128693792173914,32.78688525,0.6944304923840581,,,
243.0,26.25,114.0,1764.8020000000001,20.0,11.11862619,34.42622951,0.693802274,,,
244.0,26.66666667,114.0,1764.8020000000001,20.0,11.11862619,34.42622951,0.693802274,,,
245.0,27.08333333,114.0,2122.698,21.0,11.11862619,34.42622951,0.693802274,,,
246.0,27.5,115.0,2122.698,21.0,11.11862619,35.24590164,0.693802274,,,
247.0,27.91666667,115.0,2122.698,22.0,11.11862619,35.24590164,0.693802274,,,
248.0,28.33333333,117.0,2122.698,22.0,11.11862619,36.885245899999994,0.693802274,,,
249.0,28.75,118.0,2122.698,22.0,11.11862619,37.70491803,0.693802274,,,
250.0,29.16666667,118.0,2059.95,21.0,11.11862619,37.70491803,0.693802274,,,
251.0,29.58333333,118.0,2059.95,20.0,11.11862619,37.70491803,0.693802274,,,
252.0,30.0,118.0,2059.95,20.0,11.11862619,37.70491803,0.693802274,,,
253.0,30.41666667,119.0,2035.5479999999998,19.0,11.11862619,38.52459016,0.693802274,,,
254.0,30.83333333,119.0,2035.5479999999998,19.0,11.11862619,38.52459016,0.693802274,,,
255.0,31.25,119.0,2035.5479999999998,19.0,11.11862619,38.52459016,0.693802274,,,
256.0,31.66666667,117.0,2120.955,19.0,11.11862619,36.885245899999994,0.693802274,,,
257.0,32.08333333,115.0,2120.955,19.0,11.11862619,35.24590164,0.693802274,,,
258.0,32.5,114.0,2120.955,19.0,10.935127687131152,34.42622951,0.6823519675655741,,,
259.0,32.91666667,114.0,2023.9279999999999,19.0,10.731240461721315,34.42622951,0.669629404860656,,,
260.0,33.33333333,113.0,2023.9279999999999,19.0,10.607622929160305,33.60655738,0.6619156708931299,,,
261.0,33.75,113.0,2023.9279999999999,19.0,10.578235036030534,33.60655738,0.6600818663129772,,,
262.0,34.16666667,113.0,2027.995,19.0,10.548847142900764,33.60655738,0.6582480617328245,,,
263.0,34.58333333,114.0,2027.995,19.0,10.54414508,34.42622951,0.657954653,,,
264.0,35.0,115.0,2026.8329999999999,19.0,10.54414508,35.24590164,0.657954653,,,
265.0,35.41666667,116.0,2026.8329999999999,19.0,10.54414508,36.06557377,0.657954653,,,
266.0,35.83333333,118.0,2026.8329999999999,19.0,10.54414508,37.70491803,0.657954653,,,
267.0,36.25,118.0,1921.672,19.0,10.54414508,37.70491803,0.657954653,,,
268.0,36.66666667,119.0,1921.672,19.0,10.557682887472527,38.52459016,0.6587994122087912,,,
269.0,37.08333333,120.0,1921.672,19.0,10.571784770256409,39.3442623,0.6596793697179487,,,
270.0,37.5,118.0,2311.5229999999997,20.0,10.585886653040292,37.70491803,0.6605593272271063,,,
271.0,37.91666667,116.0,2311.5229999999997,20.0,10.599988535824176,36.06557377,0.6614392847362638,,,
272.0,38.33333333,116.0,2311.5229999999997,21.0,10.614090418608058,36.06557377,0.6623192422454213,,,
273.0,38.75,116.0,2311.5229999999997,21.0,10.649607612336448,36.06557377,0.6645355151588785,,,
274.0,39.16666667,117.0,2311.5229999999997,21.0,10.706540117009347,36.885245899999994,0.6680881034766356,,,
275.0,39.58333333,117.0,2093.6479999999997,21.0,10.830972525500002,36.885245899999994,0.6758526858000001,,,
276.0,40.0,117.0,2093.6479999999997,20.0,11.075404762999998,36.885245899999994,0.6911052574666666,,,
277.0,40.41666667,117.0,2026.8329999999999,20.0,11.319837000499996,36.885245899999994,0.7063578291333331,,,
278.0,40.83333333,119.0,2026.8329999999999,20.0,11.15828551504348,38.52459016,0.6962770163826087,,,
279.0,41.25,121.0,2109.916,20.0,10.979818041130432,40.16393443,0.6851406459478259,,,
280.0,41.66666667,122.0,2109.916,21.0,11.023336648230773,40.98360656,0.687856207046154,,,
281.0,42.08333333,122.0,2138.966,21.0,11.181211721307694,40.98360656,0.6977076116615386,,,
282.0,42.5,122.0,2138.966,21.0,11.32961429,40.98360656,0.7069679320000001,,,
283.0,42.91666667,122.0,2138.966,21.0,11.32961429,40.98360656,0.7069679320000001,,,
284.0,43.33333333,121.0,2118.05,21.0,11.32961429,40.16393443,0.7069679320000001,,,
285.0,43.75,122.0,2118.05,21.0,11.260806310173413,40.98360656,0.7026743140346823,,,
286.0,44.16666667,122.0,2118.05,21.0,11.142171862196532,40.98360656,0.6952715244393064,,,
287.0,44.58333333,121.0,2212.7529999999997,21.0,11.023537414219653,40.16393443,0.6878687348439306,,,
288.0,45.0,120.0,2212.7529999999997,21.0,10.917902806338029,39.3442623,0.6812771352535211,,,
289.0,45.41666667,120.0,2212.7529999999997,21.0,10.90760035915493,39.3442623,0.6806342623661972,,,
290.0,45.83333333,119.0,1847.885,21.0,10.897297911971831,38.52459016,0.6799913894788732,,,
291.0,46.25,119.0,1847.885,21.0,10.88988015,38.52459016,0.6795285209999999,,,
292.0,46.66666667,119.0,1847.885,21.0,10.88988015,38.52459016,0.6795285209999999,,,
293.0,47.08333333,119.0,2183.1220000000003,21.0,10.88988015,38.52459016,0.6795285209999999,,,
294.0,47.5,117.0,2183.1220000000003,22.0,10.88988015,36.885245899999994,0.6795285209999999,,,
295.0,47.91666667,117.0,2183.1220000000003,22.0,10.88988015,36.885245899999994,0.6795285209999999,,,
296.0,48.33333333,117.0,2101.782,22.0,10.88988015,36.885245899999994,0.6795285209999999,,,
297.0,48.75,117.0,2101.782,22.0,10.9063752825,36.885245899999994,0.6805578173225806,,,
298.0,49.16666667,117.0,2101.782,21.0,10.9980149075,36.885245899999994,0.6862761302258065,,,
299.0,49.58333333,118.0,2104.687,21.0,11.089654532499999,37.70491803,0.6919944431290322,,,
300.0,50.0,118.0,2104.687,21.0,11.14219639352941,37.70491803,0.6952730552352941,,,
301.0,50.41666667,119.0,2073.313,21.0,11.17798207,38.52459016,0.6975060812857143,,,
302.0,50.83333333,120.0,2073.313,21.0,11.20231633,39.3442623,0.6990245390000001,,,
303.0,51.25,121.0,2073.313,21.0,11.20231633,40.16393443,0.6990245390000001,,,
304.0,51.66666667,122.0,2089.581,21.0,11.20231633,40.98360656,0.6990245390000001,,,
305.0,52.08333333,122.0,2089.581,21.0,11.3819108259322,40.98360656,0.7102312355480225,,,
306.0,52.5,122.0,2089.581,21.0,11.6009285038983,40.98360656,0.723897938655367,,,
307.0,52.91666667,121.0,2145.938,21.0,11.8199461818644,40.16393443,0.7375646417627115,,,
308.0,53.33333333,121.0,2145.938,21.0,11.98342744664516,40.16393443,0.7477658726967741,,,
309.0,53.75,121.0,2145.938,21.0,12.00410079180645,40.16393443,0.7490558894709677,,,
310.0,54.16666667,122.0,2188.9320000000002,21.0,12.024774136967743,40.98360656,0.7503459062451613,,,
311.0,54.58333333,122.0,2188.9320000000002,21.0,12.04172628,40.98360656,0.75140372,,,
312.0,55.0,123.0,2188.9320000000002,21.0,12.04172628,41.80327869,0.75140372,,,
313.0,55.41666667,124.0,2188.9320000000002,21.0,12.04172628,42.62295082,0.75140372,,,
314.0,55.83333333,124.0,2173.245,21.0,12.04172628,42.62295082,0.75140372,,,
315.0,56.25,125.0,2173.245,21.0,12.04172628,43.44262295,0.75140372,,,
316.0,56.66666667,126.0,2173.245,20.0,12.04172628,44.26229508,0.75140372,,,
317.0,57.08333333,126.0,2172.6639999999998,20.0,12.04172628,44.26229508,0.75140372,,,
318.0,57.5,127.0,2172.6639999999998,20.0,12.059473887254901,45.08196721,0.7525111706764706,,,
319.0,57.91666667,127.0,2177.893,20.0,12.098055642156863,45.08196721,0.7549186721470588,,,
320.0,58.33333333,127.0,2177.893,20.0,12.146865437045456,45.08196721,0.7579644034090909,,,
321.0,58.75,127.0,2177.893,20.0,12.20979966810606,45.08196721,0.761891499621212,,,
322.0,59.16666667,128.0,2272.015,20.0,12.272733899166665,45.90163934,0.7658185958333332,,,
323.0,59.58333333,129.0,2272.015,20.0,12.499549241864404,46.72131148,0.7799718731016947,,,
324.0,60.0,129.0,2285.3779999999997,20.0,12.772587462203392,46.72131148,0.7970094578474578,,,
325.0,60.41666667,130.0,2285.3779999999997,20.0,12.93094963,47.54098361,0.8068912570000001,,,
326.0,60.83333333,130.0,2285.3779999999997,20.0,12.93094963,47.54098361,0.8068912570000001,,,
327.0,61.25,130.0,2213.915,20.0,12.93094963,47.54098361,0.8068912570000001,,,
328.0,61.66666667,130.0,2213.915,21.0,12.93094963,47.54098361,0.8068912570000001,,,
329.0,62.08333333,130.0,2284.216,21.0,12.93094963,47.54098361,0.8068912570000001,,,
330.0,62.5,130.0,2284.216,21.0,12.93094963,47.54098361,0.8068912570000001,,,
331.0,62.91666667,130.0,2284.216,21.0,12.93094963,47.54098361,0.8068912570000001,,,
332.0,63.33333333,130.0,2267.367,22.0,12.93094963,47.54098361,0.8068912570000001,,,
333.0,63.75,129.0,2267.367,23.0,12.93094963,46.72131148,0.8068912570000001,,,
334.0,64.16666667,129.0,2378.3379999999997,24.0,12.93094963,46.72131148,0.8068912570000001,,,
335.0,64.58333333,130.0,2378.3379999999997,25.0,12.782032715000003,47.54098361,0.7975988417000003,,,
336.0,65.0,130.0,2452.125,25.0,12.604750673333335,47.54098361,0.7865364425333334,,,
337.0,65.41666667,131.0,2452.125,25.0,12.569240102842103,48.36065574,0.7843205830350878,,,
338.0,65.83333333,131.0,2452.125,25.0,12.714165950210525,48.36065574,0.7933639558421053,,,
339.0,66.25,131.0,2452.125,25.0,12.859091797578948,48.36065574,0.8024073286491229,,,
340.0,66.66666667,130.0,2586.3360000000002,25.0,13.004017644947368,47.54098361,0.8114507014561404,,,
341.0,67.08333333,129.0,2586.3360000000002,24.0,13.14894349231579,46.72131148,0.820494074263158,,,
342.0,67.5,129.0,2586.3360000000002,23.0,13.29386933968421,46.72131148,0.8295374470701755,,,
343.0,67.91666667,129.0,2586.3360000000002,23.0,13.4420146675817,46.72131148,0.8387817154183007,,,
344.0,68.33333333,129.0,2586.3360000000002,23.0,13.591291164313727,46.72131148,0.8480965686862746,,,
345.0,68.75,130.0,2162.206,23.0,13.740567661045752,47.54098361,0.8574114219542485,,,
346.0,69.16666667,131.0,2162.206,21.0,14.338859209999999,48.36065574,0.8947448146491227,,,
347.0,69.58333333,133.0,2154.653,20.0,15.148451959999989,50.0,0.9452634023684203,,,
348.0,70.0,134.0,2154.653,20.0,15.647422853478261,50.81967213,0.9763991861304347,,,
349.0,70.41666667,135.0,2154.653,20.0,15.680460962173914,51.63934426,0.9784607639565218,,,
350.0,70.83333333,134.0,2222.63,20.0,15.71019526,50.81967213,0.9803161840000001,,,
351.0,71.25,134.0,2222.63,21.0,15.71019526,50.81967213,0.9803161840000001,,,
352.0,71.66666667,133.0,2280.73,21.0,15.71019526,50.0,0.9803161840000001,,,
353.0,72.08333333,133.0,2280.73,21.0,15.71019526,50.0,0.9803161840000001,,,
354.0,72.5,132.0,2328.3720000000003,21.0,15.71019526,49.18032787,0.9803161840000001,,,
355.0,72.91666667,132.0,2328.3720000000003,21.0,15.6838215,49.18032787,0.9786704615128206,,,
356.0,73.33333333,132.0,2338.249,21.0,15.6383495,49.18032787,0.9758330089487179,,,
357.0,73.75,132.0,2338.249,20.0,15.59005233819549,49.18032787,0.9728192661729324,,,
358.0,74.16666667,133.0,2338.249,20.0,15.532808830676693,50.0,0.9692472710601504,,,
359.0,74.58333333,133.0,2169.759,21.0,15.475565323157896,50.0,0.9656752759473684,,,
360.0,75.0,133.0,2169.759,21.0,15.44154982254777,50.0,0.9635527087133757,,,
361.0,75.41666667,134.0,2169.759,22.0,15.424354602802548,50.81967213,0.9624797271847133,,,
362.0,75.83333333,134.0,2660.704,23.0,15.407159383057325,50.81967213,0.9614067456560509,,,
363.0,76.25,134.0,2660.704,24.0,15.39753006,50.81967213,0.9608058759999999,,,
364.0,76.66666667,134.0,2660.704,25.0,15.39753006,50.81967213,0.9608058759999999,,,
365.0,77.08333333,134.0,2614.224,25.0,15.39753006,50.81967213,0.9608058759999999,,,
366.0,77.5,135.0,2614.224,24.0,15.416345798939394,51.63934426,0.9619799779090908,,,
367.0,77.91666667,135.0,2637.4640000000004,24.0,15.436797689090909,51.63934426,0.9632561756363636,,,
368.0,78.33333333,134.0,2637.4640000000004,24.0,15.451798125833333,50.81967213,0.96419220275,,,
369.0,78.75,135.0,2637.4640000000004,24.0,15.45278053952381,51.63934426,0.9642535054285714,,,
370.0,79.16666667,136.0,2664.19,24.0,15.453762953214286,52.45901639,0.9643148081071428,,,
371.0,79.58333333,135.0,2664.19,23.0,15.454745366904762,51.63934426,0.9643761107857143,,,
372.0,80.0,136.0,2664.19,23.0,15.61518175792683,52.45901639,0.9743873417073171,,,
373.0,80.41666667,136.0,2664.19,23.0,15.789483712195121,52.45901639,0.9852637837804878,,,
374.0,80.83333333,136.0,2627.587,23.0,15.963785666463414,52.45901639,0.9961402258536585,,,
375.0,81.25,136.0,2627.587,22.0,16.02653437,52.45901639,1.000055745,,,
376.0,81.66666667,136.0,2627.587,22.0,16.02653437,52.45901639,1.000055745,,,
377.0,82.08333333,134.0,2627.587,21.0,16.02653437,50.81967213,1.000055745,,,
378.0,82.5,132.0,2727.5190000000002,21.0,16.02653437,49.18032787,1.000055745,,,
379.0,82.91666667,131.0,2727.5190000000002,20.0,16.02713377091603,48.36065574,1.0000931476564885,,,
380.0,83.33333333,131.0,2727.5190000000002,20.0,16.02927448847328,48.36065574,1.000226728572519,,,
381.0,83.75,131.0,2612.481,19.0,16.031415206030534,48.36065574,1.0003603094885496,,,
382.0,84.16666667,131.0,2612.481,19.0,16.03214305,48.36065574,1.000405727,,,
383.0,84.58333333,132.0,2612.481,19.0,16.03214305,49.18032787,1.000405727,,,
384.0,85.0,132.0,2646.76,19.0,16.03214305,49.18032787,1.000405727,,,
385.0,85.41666667,136.0,2646.76,19.0,16.267724324444444,52.45901639,1.0151059983846153,,,
386.0,85.83333333,136.0,2718.804,19.0,16.508113379999998,52.45901639,1.0301062753076922,,,
387.0,86.25,137.0,2718.804,19.0,16.59465344,53.27868852,1.035506375,,,
388.0,86.66666667,137.0,2694.402,20.0,16.59465344,53.27868852,1.035506375,,,
389.0,87.08333333,137.0,2694.402,20.0,16.607606147258064,53.27868852,1.0363146237903225,,,
390.0,87.5,136.0,2694.402,20.0,16.632515199677417,52.45901639,1.0378689483870966,,,
391.0,87.91666667,136.0,2714.737,20.0,16.65642789,52.45901639,1.0393610999999998,,,
392.0,88.33333333,137.0,2714.737,20.0,16.65642789,53.27868852,1.0393610999999998,,,
393.0,88.75,137.0,2792.01,20.0,16.65642789,53.27868852,1.0393610999999998,,,
394.0,89.16666667,137.0,2792.01,21.0,16.65642789,53.27868852,1.0393610999999998,,,
395.0,89.58333333,138.0,2792.01,21.0,16.65642789,54.09836066,1.0393610999999998,,,
396.0,90.0,138.0,2724.033,22.0,16.65642789,54.09836066,1.0393610999999998,,,
397.0,90.41666667,139.0,2724.033,22.0,16.71565754703125,54.91803279,1.04305703090625,,,
398.0,90.83333333,139.0,2896.009,23.0,16.78788883609375,54.91803279,1.0475642637187499,,,
399.0,91.25,140.0,2896.009,24.0,16.849934427471265,55.73770492,1.0514359088850573,,,
400.0,91.66666667,141.0,2896.009,24.0,16.8829899562069,56.55737705,1.0534985738275862,,,
401.0,92.08333333,141.0,3004.656,24.0,16.91604548494253,56.55737705,1.0555612387701148,,,
402.0,92.5,141.0,3004.656,24.0,16.94910101367816,56.55737705,1.0576239037126436,,,
403.0,92.91666667,141.0,3004.656,24.0,17.024443336859502,56.55737705,1.0623252644462808,,,
404.0,93.33333333,141.0,2929.1259999999997,24.0,17.1117127046281,56.55737705,1.0677708727107438,,,
405.0,93.75,141.0,2929.1259999999997,23.0,17.164588353253013,56.55737705,1.071070313060241,,,
406.0,94.16666667,142.0,2929.1259999999997,23.0,17.156319612289156,57.37704918,1.0705543437831326,,,
407.0,94.58333333,141.0,3037.7729999999997,23.0,17.148050871325303,56.55737705,1.070038374506024,,,
408.0,95.0,142.0,3037.7729999999997,22.0,17.14011288,57.37704918,1.069543044,,,
409.0,95.41666667,142.0,3037.7729999999997,22.0,17.14011288,57.37704918,1.069543044,,,
410.0,95.83333333,142.0,2947.718,22.0,17.14011288,57.37704918,1.069543044,,,
411.0,96.25,143.0,2947.718,22.0,17.21293797346154,58.19672131,1.0740873299230769,,,
412.0,96.66666667,143.0,2947.718,22.0,17.311350261923078,58.19672131,1.0802282568461539,,,
413.0,97.08333333,143.0,2986.645,21.0,17.39598483,58.19672131,1.085509454,,,
414.0,97.5,143.0,2986.645,21.0,17.39598483,58.19672131,1.085509454,,,
415.0,97.91666667,143.0,2986.645,21.0,17.39598483,58.19672131,1.085509454,,,
416.0,98.33333333,142.0,3180.699,21.0,17.39598483,57.37704918,1.085509454,,,
417.0,98.75,142.0,3180.699,21.0,17.396012891860465,57.37704918,1.0855112050465117,,,
418.0,99.16666667,141.0,3180.699,21.0,17.396480589534885,56.55737705,1.0855403891550388,,,
419.0,99.58333333,141.0,3085.9959999999996,21.0,17.3969482872093,56.55737705,1.085569573263566,,,
420.0,100.0,141.0,3085.9959999999996,20.0,17.511045797514456,56.55737705,1.0926892577167633,,,
421.0,100.41666670000001,141.0,3085.9959999999996,20.0,17.748242271502892,56.55737705,1.1074903175433526,,,
422.0,100.83333329999999,141.0,3012.79,20.0,17.98543874549133,56.55737705,1.1222913773699421,,,
423.0,101.25,143.0,3012.79,20.0,18.21789129,58.19672131,1.136796416,,,
424.0,101.66666670000001,144.0,3012.79,20.0,18.21789129,59.01639344,1.136796416,,,
425.0,102.08333329999999,144.0,3029.639,20.0,18.21789129,59.01639344,1.136796416,,,
426.0,102.5,144.0,3029.639,20.0,18.21789129,59.01639344,1.136796416,,,
427.0,102.91666670000001,144.0,3029.639,20.0,18.21789129,59.01639344,1.136796416,,,
428.0,103.33333329999999,145.0,2996.522,20.0,18.21789129,59.83606557,1.136796416,,,
429.0,103.75,145.0,2996.522,20.0,18.224991284285714,59.83606557,1.1372394556428571,,,
430.0,104.16666670000001,146.0,2996.522,20.0,18.257263985584416,60.655737699999996,1.1392532722012987,,,
431.0,104.58333329999999,146.0,3094.13,20.0,18.289536686883118,60.655737699999996,1.1412670887597403,,,
432.0,105.0,146.0,3094.13,20.0,18.31729121,60.655737699999996,1.142998971,,,
433.0,105.41666670000001,146.0,3094.13,20.0,18.31729121,60.655737699999996,1.142998971,,,
434.0,105.83333329999999,147.0,3094.13,20.0,18.31729121,61.47540984,1.142998971,,,
435.0,106.25,146.0,3066.823,20.0,18.31729121,60.655737699999996,1.142998971,,,
436.0,106.66666670000001,146.0,3066.823,19.0,18.380742871186442,60.655737699999996,1.1469583547288136,,,
437.0,107.08333329999999,147.0,3066.823,19.0,18.49824594745763,61.47540984,1.154290546819209,,,
438.0,107.5,147.0,2976.187,19.0,18.615749023728814,61.47540984,1.1616227389096045,,,
439.0,107.91666670000001,146.0,2976.187,19.0,18.7332521,60.655737699999996,1.168954931,,,
440.0,108.33333329999999,146.0,2976.187,19.0,18.7332521,60.655737699999996,1.168954931,,,
441.0,108.75,146.0,3078.4429999999998,19.0,18.7332521,60.655737699999996,1.168954931,,,
442.0,109.16666670000001,146.0,3078.4429999999998,19.0,18.89297258958084,60.655737699999996,1.1789214895389222,,,
443.0,109.58333329999999,147.0,3078.4429999999998,19.0,19.313289667425153,61.47540984,1.205149275167665,,,
444.0,110.0,146.0,3151.0679999999998,19.0,19.733606745269466,60.655737699999996,1.2313770607964076,,,
445.0,110.41666670000001,147.0,3151.0679999999998,19.0,20.137447374415583,61.47540984,1.2565767160389612,,,
446.0,110.83333329999999,148.0,3151.0679999999998,19.0,20.145853234805195,62.29508197,1.257101242012987,,,
447.0,111.25,148.0,3197.548,19.0,20.154259095194803,62.29508197,1.257625767987013,,,
448.0,111.66666670000001,148.0,3197.548,19.0,20.162664955584415,62.29508197,1.258150293961039,,,
449.0,112.08333329999999,148.0,3197.548,19.0,19.63100152860466,62.29508197,1.2249744958372097,,,
450.0,112.5,147.0,3233.57,19.0,19.07683521465117,61.47540984,1.190394517542636,,,
451.0,112.91666670000001,148.0,3233.57,19.0,19.003096521025643,62.29508197,1.185793222888889,,,
452.0,113.33333329999999,148.0,3233.57,19.0,19.713213418461546,62.29508197,1.2301045173333338,,,
453.0,113.75,148.0,3271.335,19.0,20.40931173876191,62.29508197,1.2735410525619053,,,
454.0,114.16666670000001,149.0,3271.335,19.0,20.76896420780953,63.1147541,1.295983366609524,,,
455.0,114.58333329999999,150.0,3450.864,19.0,21.128616676857142,63.93442623,1.3184256806571428,,,
456.0,115.0,150.0,3450.864,20.0,21.48826914590476,63.93442623,1.3408679947047617,,,
457.0,115.41666670000001,151.0,3450.864,20.0,21.847921614952373,64.75409836,1.3633103087523804,,,
458.0,115.83333329999999,152.0,3450.864,20.0,22.511217232524253,65.57377049,1.4046999551941737,,,
459.0,116.25,152.0,3252.1620000000003,20.0,23.232349640291243,65.57377049,1.4496986173300959,,,
460.0,116.66666670000001,152.0,3252.1620000000003,20.0,23.39099877,65.57377049,1.459598323,,,
461.0,117.08333329999999,152.0,3457.255,20.0,23.39099877,65.57377049,1.459598323,,,
462.0,117.5,152.0,3457.255,20.0,23.451162628421052,65.57377049,1.4633525477894738,,,
463.0,117.91666670000001,152.0,3457.255,21.0,23.785406286315787,65.57377049,1.4842093521754385,,,
464.0,118.33333329999999,152.0,3508.383,21.0,24.11964994421052,65.57377049,1.505066156561403,,,
465.0,118.75,152.0,3508.383,21.0,23.904571416521744,65.57377049,1.4916452563478264,,,
466.0,119.16666670000001,152.0,3635.6220000000003,21.0,23.628457090434786,65.57377049,1.4744157222898553,,,
467.0,119.58333329999999,152.0,3635.6220000000003,22.0,23.160918768878524,65.57377049,1.4452413309158891,,,
468.0,120.0,152.0,3635.6220000000003,22.0,21.51749018943926,65.57377049,1.3426913874579447,,,
469.0,120.41666670000001,152.0,3652.4709999999995,22.0,19.87406161,65.57377049,1.240141444,,,
470.0,120.83333329999999,152.0,3652.4709999999995,22.0,19.87406161,65.57377049,1.240141444,,,
471.0,121.25,151.0,3768.671,22.0,19.87406161,64.75409836,1.240141444,,,
472.0,121.66666670000001,151.0,3768.671,23.0,20.011211532432434,64.75409836,1.2486995991554057,,,
473.0,122.08333329999999,152.0,3768.671,23.0,20.26519287027027,65.57377049,1.2645480346283784,,,
474.0,122.5,153.0,3729.163,23.0,20.519174208108105,66.39344262,1.2803964701013513,,,
475.0,122.91666670000001,154.0,3729.163,23.0,20.62584637,67.21311475,1.287052813,,,
476.0,123.33333329999999,154.0,3729.163,23.0,20.62584637,67.21311475,1.287052813,,,
477.0,123.75,154.0,3978.4120000000003,23.0,20.62584637,67.21311475,1.287052813,,,
478.0,124.16666670000001,155.0,3978.4120000000003,23.0,20.681620008372093,68.03278689,1.2905330880697674,,,
479.0,124.58333329999999,155.0,3978.4120000000003,23.0,20.828392740930234,68.03278689,1.2996917066744187,,,
480.0,125.0,155.0,3759.9559999999997,23.0,20.975165473488374,68.03278689,1.3088503252790697,,,
481.0,125.41666670000001,156.0,3759.9559999999997,23.0,21.175328820000004,68.85245902,1.3213405182500002,,,
482.0,125.83333329999999,156.0,3759.9559999999997,23.0,21.388839820000005,68.85245902,1.3346636048125,,,
483.0,126.25,156.0,3850.592,22.0,21.602350820000005,68.85245902,1.347986691375,,,
484.0,126.66666670000001,156.0,3850.592,22.0,21.76261485781513,68.85245902,1.3579871672605042,,,
485.0,127.08333329999999,156.0,3768.09,22.0,21.88738092084034,68.85245902,1.3657725693613447,,,
486.0,127.5,156.0,3768.09,22.0,21.98469845,68.85245902,1.371845183,,,
487.0,127.91666670000001,156.0,3768.09,22.0,21.98469845,68.85245902,1.371845183,,,
488.0,128.3333333,156.0,3780.8720000000003,22.0,21.98469845,68.85245902,1.371845183,,,
489.0,128.75,157.0,3780.8720000000003,22.0,22.12503863523077,69.67213115,1.3806024107384616,,,
490.0,129.1666667,158.0,3756.47,22.0,22.30969677369231,70.49180328,1.3921250788153847,,,
491.0,129.5833333,159.0,3756.47,22.0,22.46480961,71.31147541,1.40180412,,,
492.0,130.0,159.0,3756.47,22.0,22.46480961,71.31147541,1.40180412,,,
493.0,130.4166667,159.0,3691.3979999999997,21.0,22.46480961,71.31147541,1.40180412,,,
494.0,130.8333333,160.0,3691.3979999999997,21.0,22.43164037896,72.13114754,1.39973436,,,
495.0,131.25,159.0,3691.3979999999997,21.0,22.35625576296,71.31147541,1.39503036,,,
496.0,131.6666667,159.0,3701.275,22.0,22.280871146960003,71.31147541,1.39032636,,,
497.0,132.0833333,159.0,3701.275,22.0,22.27634807,71.31147541,1.39004412,,,
498.0,132.5,158.0,3854.659,22.0,22.27634807,70.49180328,1.39004412,,,
499.0,132.9166667,158.0,3854.659,22.0,22.27634807,70.49180328,1.39004412,,,
500.0,133.3333333,158.0,3854.659,23.0,22.27634807,70.49180328,1.39004412,,,
501.0,133.75,158.0,3751.822,23.0,22.27634807,70.49180328,1.39004412,,,
502.0,134.1666667,158.0,3751.822,23.0,22.252656189069768,70.49180328,1.388565746372093,,,
503.0,134.58333330000002,159.0,3900.558,23.0,22.22445156891473,71.31147541,1.3868057777674418,,,
504.0,135.0,160.0,3900.558,23.0,22.20358015,72.13114754,1.385503401,,,
505.0,135.41666669999998,161.0,3900.558,23.0,22.20358015,72.95081967,1.385503401,,,
506.0,135.83333330000002,162.0,3894.167,23.0,22.20358015,73.77049179999999,1.385503401,,,
507.0,136.25,162.0,3894.167,23.0,22.20358015,73.77049179999999,1.385503401,,,
508.0,136.66666669999998,162.0,3894.167,23.0,22.20358015,73.77049179999999,1.385503401,,,
509.0,137.08333330000002,162.0,3816.8940000000002,23.0,22.20358015,73.77049179999999,1.385503401,,,
510.0,137.5,162.0,3816.8940000000002,23.0,22.20358015,73.77049179999999,1.385503401,,,
511.0,137.91666669999998,161.0,3816.8940000000002,23.0,22.20358015,72.95081967,1.385503401,,,
512.0,138.33333330000002,161.0,3804.112,22.0,22.20358015,72.95081967,1.385503401,,,
513.0,138.75,161.0,3804.112,22.0,22.270998145744684,72.95081967,1.3897102839787234,,,
514.0,139.16666669999998,160.0,3804.112,22.0,22.383361471985815,72.13114754,1.396721755609929,,,
515.0,139.58333330000002,160.0,3809.922,22.0,22.49572479822695,72.13114754,1.4037332272411347,,,
516.0,140.0,160.0,3809.922,22.0,22.94221716545453,72.13114754,1.4315943509090898,,,
517.0,140.41666669999998,160.0,3809.922,22.0,23.48295105706292,72.13114754,1.4653361456643346,,,
518.0,140.83333330000002,160.0,3801.2070000000003,22.0,24.023684948671306,72.13114754,1.499077940419579,,,
519.0,141.25,161.0,3801.2070000000003,22.0,24.488398126935483,72.95081967,1.5280760426774194,,,
520.0,141.66666669999998,161.0,3861.631,22.0,24.94650080838711,72.95081967,1.5566616499354848,,,
521.0,142.08333330000002,161.0,3861.631,22.0,25.20303831,72.95081967,1.57266959,,,
522.0,142.5,161.0,3861.631,22.0,25.20303831,72.95081967,1.57266959,,,
523.0,142.91666669999998,161.0,3995.261,22.0,25.20303831,72.95081967,1.57266959,,,
524.0,143.33333330000002,162.0,3995.261,22.0,25.877751819189207,73.77049179999999,1.6147717132432444,,,
525.0,143.75,162.0,4090.545,22.0,26.580578391261273,73.77049179999999,1.6586280916216223,,,
526.0,144.16666669999998,162.0,4090.545,22.0,26.81572404666667,73.77049179999999,1.6733011806324787,,,
527.0,144.58333330000002,163.0,4275.303,22.0,26.886549379999998,74.59016393,1.6777206814871792,,,
528.0,145.0,164.0,4275.303,23.0,26.895563513333336,75.40983607,1.6782831634141415,,,
529.0,145.41666669999998,164.0,4472.262,23.0,26.811860846666672,75.40983607,1.6730601169494952,,,
530.0,145.83333330000002,164.0,4472.262,24.0,26.593731720769245,75.40983607,1.659448859461539,,,
531.0,146.25,165.0,4675.612,24.0,26.189966055934065,76.22950820000001,1.6342538819890107,,,
532.0,146.66666669999998,165.0,4675.612,25.0,26.02845979,76.22950820000001,1.624175891,,,
533.0,147.08333330000002,165.0,4867.342000000001,26.0,26.02845979,76.22950820000001,1.624175891,,,
534.0,147.5,165.0,4867.342000000001,26.0,26.02845979,76.22950820000001,1.624175891,,,
535.0,147.91666669999998,165.0,4867.342000000001,27.0,26.02845979,76.22950820000001,1.624175891,,,
536.0,148.33333330000002,166.0,4904.526,27.0,26.024271190816325,77.04918033,1.6239145224285711,,,
537.0,148.75,167.0,4904.526,27.0,25.971913701020405,77.86885246,1.6206474152857142,,,
538.0,149.16666669999998,167.0,4864.437,27.0,25.92583911,77.86885246,1.6177723609999999,,,
539.0,149.58333330000002,168.0,4864.437,27.0,25.92583911,78.68852459,1.6177723609999999,,,
540.0,150.0,168.0,4960.302,28.0,25.92583911,78.68852459,1.6177723609999999,,,
541.0,150.41666669999998,169.0,4960.302,28.0,25.92583911,79.50819672,1.6177723609999999,,,
542.0,150.83333330000002,169.0,5010.268,29.0,25.92583911,79.50819672,1.6177723609999999,,,
543.0,151.25,169.0,5010.268,29.0,25.703511647872332,79.50819672,1.6038991272978718,,,
544.0,151.66666669999998,169.0,5021.888,29.0,25.49044783,79.50819672,1.590603945,,,
545.0,152.08333330000002,168.0,5021.888,29.0,25.49044783,78.68852459,1.590603945,,,
546.0,152.5,168.0,5034.089,29.0,25.49044783,78.68852459,1.590603945,,,
547.0,152.91666669999998,168.0,5034.089,29.0,25.9731335557143,78.68852459,1.6207235342571438,,,
548.0,153.33333330000002,168.0,4861.532,28.0,26.97872881761905,78.68852459,1.6834726785428573,,,
549.0,153.75,168.0,4861.532,28.0,27.45441699849057,78.68852459,1.7131556209622645,,,
550.0,154.16666669999998,168.0,4963.207,28.0,27.065519941886794,78.68852459,1.6888884445471701,,,
551.0,154.58333330000002,169.0,4963.207,28.0,26.881794400388348,79.50819672,1.6774239707184466,,,
552.0,155.0,169.0,4963.207,28.0,27.282018555728165,79.50819672,1.702397958097088,,,
553.0,155.41666669999998,170.0,5048.6140000000005,28.0,27.60219788,80.32786885,1.722377148,,,
554.0,155.83333330000002,170.0,5048.6140000000005,28.0,27.60219788,80.32786885,1.722377148,,,
555.0,156.25,169.0,5045.128,28.0,27.60219788,79.50819672,1.722377148,,,
556.0,156.66666669999998,169.0,5045.128,28.0,27.32749144140001,79.50819672,1.7052354660400009,,,
557.0,157.08333330000002,169.0,5005.039000000001,28.0,27.028897486400012,79.50819672,1.6866032030400007,,,
558.0,157.5,169.0,5005.039000000001,28.0,27.00500997,79.50819672,1.685112622,,,
559.0,157.91666669999998,169.0,5064.3009999999995,28.0,27.00500997,79.50819672,1.685112622,,,
560.0,158.33333330000002,169.0,5064.3009999999995,27.0,27.00500997,79.50819672,1.685112622,,,
561.0,158.75,169.0,5064.3009999999995,27.0,27.319389419541274,79.50819672,1.7047298997981644,,,
562.0,159.16666669999998,169.0,4808.661,27.0,27.71236373146789,79.50819672,1.7292514970458714,,,
563.0,159.58333330000002,170.0,4808.661,26.0,28.13009385583334,80.32786885,1.7553178570000005,,,
564.0,160.0,170.0,5002.134,26.0,28.562996897500017,80.32786885,1.782331007000001,,,
565.0,160.41666669999998,170.0,5002.134,26.0,28.88828825476745,80.32786885,1.8026291872325586,,,
566.0,160.83333330000002,170.0,5073.016,27.0,29.167460318720934,80.32786885,1.82004952327907,,,
567.0,161.25,171.0,5073.016,27.0,29.17304376,81.14754098,1.82039793,,,
568.0,161.66666669999998,171.0,5080.569,27.0,29.162952190430108,81.14754098,1.8197682160967743,,,
569.0,162.08333330000002,171.0,5174.691,27.0,29.090869550645163,81.14754098,1.8152702596451613,,,
570.0,162.5,170.0,5174.691,28.0,28.990515736400003,80.32786885,1.8090081819400003,,,
571.0,162.91666669999998,170.0,5317.036,28.0,28.817464616400002,80.32786885,1.7982097924400002,,,
572.0,163.33333330000002,170.0,5317.036,28.0,28.69111681153846,80.32786885,1.7903256895384614,,,
573.0,163.75,170.0,5371.069,29.0,28.684863245604397,80.32786885,1.7899354664615383,,,
574.0,164.16666669999998,170.0,5371.069,29.0,28.68148632,80.32786885,1.7897247459999999,,,
575.0,164.58333330000002,171.0,5744.651999999999,30.0,28.68148632,81.14754098,1.7897247459999999,,,
576.0,165.0,172.0,5744.651999999999,31.0,28.68148632,81.96721311,1.7897247459999999,,,
577.0,165.41666669999998,172.0,5742.909000000001,32.0,28.68148632,81.96721311,1.7897247459999999,,,
578.0,165.83333330000002,173.0,5742.909000000001,32.0,28.924805117948722,82.78688525,1.804907838923077,,,
579.0,166.25,173.0,5755.691,32.0,29.27457589,82.78688525,1.826733535,,,
580.0,166.66666669999998,174.0,5927.6669999999995,32.0,29.27457589,83.60655738,1.826733535,,,
581.0,167.08333330000002,174.0,5927.6669999999995,33.0,29.396694609888897,83.60655738,1.8343537432555561,,,
582.0,167.5,174.0,5892.807,33.0,29.75586731544444,83.60655738,1.8567661204777774,,,
583.0,167.91666669999998,174.0,5892.807,33.0,29.92108676,83.60655738,1.8670758140000001,,,
584.0,168.33333330000002,174.0,5967.755999999999,33.0,29.92108676,83.60655738,1.8670758140000001,,,
585.0,168.75,174.0,5967.755999999999,32.0,29.92108676,83.60655738,1.8670758140000001,,,
586.0,169.16666669999998,175.0,5967.755999999999,32.0,29.92108676,84.42622951,1.8670758140000001,,,
587.0,169.58333330000002,175.0,5693.524,32.0,29.92108676,84.42622951,1.8670758140000001,,,
588.0,170.0,175.0,5693.524,31.0,31.128958924868414,84.42622951,1.9424470368552629,,,
589.0,170.41666669999998,175.0,5719.088000000001,31.0,31.87424175,84.42622951,1.988952685,,,
590.0,170.83333330000002,175.0,5834.126,31.0,31.87424175,84.42622951,1.988952685,,,
591.0,171.25,175.0,5834.126,32.0,31.87424175,84.42622951,1.988952685,,,
592.0,171.66666669999998,175.0,5870.148,32.0,31.77406675655171,84.42622951,1.9827017654482753,,,
593.0,172.08333330000002,175.0,5779.512,32.0,31.31872587724137,84.42622951,1.9542884947586203,,,
594.0,172.5,175.0,5779.512,32.0,30.65085784909089,84.42622951,1.912613529999999,,,
595.0,172.91666669999998,175.0,6028.18,32.0,29.752752076363613,84.42622951,1.8565717299999986,,,
596.0,173.33333330000002,176.0,6028.18,32.0,29.06774301555554,85.24590164,1.8138271642222212,,,
597.0,173.75,176.0,5885.254,33.0,28.4646092035294,85.24590164,1.7761916138235285,,,
598.0,174.16666669999998,176.0,6210.033,34.0,27.852514138823533,85.24590164,1.7379968820588239,,,
599.0,174.58333330000002,176.0,6210.033,35.0,27.4852571,85.24590164,1.7150800430000002,,,
600.0,175.0,176.0,6212.938,36.0,27.4852571,85.24590164,1.7150800430000002,,,
601.0,175.41666669999998,176.0,6212.938,36.0,27.4852571,85.24590164,1.7150800430000002,,,
602.0,175.83333330000002,176.0,6212.938,35.0,27.898178373809525,85.24590164,1.7408463303015875,,,
603.0,176.25,176.0,5945.097,35.0,28.311099647619052,85.24590164,1.766612617603175,,,
604.0,176.66666669999998,176.0,5945.097,33.0,29.280266705151536,85.24590164,1.8270886419090921,,,
605.0,177.08333330000002,176.0,5809.724,32.0,30.85203336171718,85.24590164,1.9251668813030307,,,
606.0,177.5,177.0,5809.724,31.0,31.63791669,86.06557377,1.974206001,,,
607.0,177.91666669999998,177.0,5846.326999999999,31.0,31.63791669,86.06557377,1.974206001,,,
608.0,178.33333330000002,177.0,5846.326999999999,31.0,31.640795080357144,86.06557377,1.9743856127261905,,,
609.0,178.75,178.0,5644.72,31.0,31.64381388,86.8852459,1.974573986,,,
610.0,179.16666669999998,178.0,5758.015,31.0,31.64381388,86.8852459,1.974573986,,,
611.0,179.58333330000002,178.0,5758.015,31.0,31.64279712310345,86.8852459,1.974510540310345,,,
612.0,180.0,179.0,5735.937,31.0,31.639407933448275,87.70491803,1.974299054678161,,,
613.0,180.41666669999998,179.0,5735.937,30.0,31.498677578735638,87.70491803,1.9655174806321842,,,
614.0,180.83333330000002,179.0,5787.646,30.0,31.25003630862068,87.70491803,1.9500022656896545,,,
615.0,181.25,179.0,5787.646,30.0,31.20528088,87.70491803,1.9472095269999998,,,
616.0,181.66666669999998,180.0,6032.828,31.0,31.20528088,88.52459016,1.9472095269999998,,,
617.0,182.08333330000002,180.0,6032.828,32.0,31.20528088,88.52459016,1.9472095269999998,,,
618.0,182.5,181.0,6290.7919999999995,33.0,31.20528088,89.3442623,1.9472095269999998,,,
619.0,182.91666669999998,181.0,6290.7919999999995,34.0,31.20528088,89.3442623,1.9472095269999998,,,
620.0,183.33333330000002,182.0,6174.592,34.0,31.20528088,90.16393443,1.9472095269999998,,,
621.0,183.75,182.0,6174.592,34.0,31.709584271071428,90.16393443,1.978678058607143,,,
622.0,184.16666669999998,182.0,6060.715999999999,33.0,32.2583485713158,90.16393443,2.012920950907896,,,
623.0,184.58333330000002,182.0,6079.889,33.0,32.766082031842124,90.16393443,2.044603518671054,,,
624.0,185.0,182.0,6079.889,32.0,32.91840207,90.16393443,2.054108289,,,
625.0,185.41666669999998,182.0,6425.003000000001,33.0,32.91840207,90.16393443,2.054108289,,,
626.0,185.83333330000002,182.0,6455.215,33.0,32.91840207,90.16393443,2.054108289,,,
627.0,186.25,182.0,6455.215,34.0,32.60619684873417,90.16393443,2.0346266830253166,,,
628.0,186.66666669999998,183.0,6555.728,34.0,31.955769304430394,90.98360656,1.9940400039113932,,,
629.0,187.08333330000002,183.0,6555.728,34.0,31.89072655,90.98360656,1.989981336,,,
630.0,187.5,183.0,6543.526999999999,34.0,31.89072655,90.98360656,1.989981336,,,
631.0,187.91666669999998,183.0,6679.481,35.0,31.89072655,90.98360656,1.989981336,,,
632.0,188.33333330000002,183.0,6679.481,36.0,32.07116178903613,90.98360656,2.0012404953975897,,,
633.0,188.75,183.0,7009.4890000000005,36.0,32.358332734216845,90.98360656,2.0191599630602393,,,
634.0,189.16666669999998,183.0,7009.4890000000005,37.0,33.71492894506024,90.98360656,2.103811566072289,,,
635.0,189.58333330000002,184.0,7039.701,37.0,34.5879122053012,91.80327869,2.1582857212530118,,,
636.0,190.0,184.0,6949.646,37.0,34.60113910891566,91.80327869,2.159111080289157,,,
637.0,190.41666669999998,184.0,6949.646,37.0,34.60510718,91.80327869,2.159358688,,,
638.0,190.83333330000002,184.0,6980.439,37.0,34.60015920028169,91.80327869,2.159049933971831,,,
639.0,191.25,185.0,7001.355,37.0,34.58469676366197,92.62295082,2.1580850776338028,,,
640.0,191.66666669999998,185.0,7001.355,37.0,34.58315052,92.62295082,2.1579885919999997,,,
641.0,192.08333330000002,185.0,7010.651,38.0,34.76657464261904,92.62295082,2.1694342572936507,,,
642.0,192.5,185.0,7150.672,38.0,35.24926970214286,92.62295082,2.1995544291190474,,,
643.0,192.91666669999998,185.0,7150.672,38.0,35.731964761666674,92.62295082,2.2296746009444446,,,
644.0,193.33333330000002,185.0,7150.672,38.0,37.50062414931505,92.62295082,2.34003894658904,,,
645.0,193.75,185.0,6639.973000000001,38.0,38.6874256,92.62295082,2.414095357,,,
646.0,194.16666669999998,185.0,6728.285,37.0,38.6874256,92.62295082,2.414095357,,,
647.0,194.58333330000002,185.0,6748.62,36.0,38.6874256,92.62295082,2.414095357,,,
648.0,195.0,185.0,6748.62,37.0,38.1198681,92.62295082,2.378679769,,,
649.0,195.41666669999998,185.0,6905.49,37.0,37.02841136923073,92.62295082,2.310572868999998,,,
650.0,195.83333330000002,185.0,6936.283,37.0,36.92506793826087,92.62295082,2.3041242396086954,,,
651.0,196.25,185.0,6936.283,37.0,36.89895568,92.62295082,2.302494835,,,
652.0,196.66666669999998,185.0,7059.455,37.0,36.68859988857149,92.62295082,2.289368633428575,,,
653.0,197.08333330000002,185.0,7012.975,37.0,35.51995660285719,92.62295082,2.2164452913650825,,,
654.0,197.5,185.0,7888.5419999999995,39.0,35.42646514,92.62295082,2.210611424,,,
655.0,197.91666669999998,185.0,7888.5419999999995,41.0,35.58734020028169,92.62295082,2.2206500281690142,,,
656.0,198.33333330000002,185.0,7839.156999999999,43.0,35.78340668,92.62295082,2.232884577,,,
657.0,198.75,185.0,7754.911999999999,43.0,35.78340668,92.62295082,2.232884577,,,
658.0,199.16666669999998,185.0,7754.911999999999,43.0,35.560318217500004,92.62295082,2.2189638563750007,,,
659.0,199.58333330000002,186.0,7788.61,43.0,35.07834574985076,93.44262295,2.188888774417912,,,
660.0,200.0,186.0,7760.141,43.0,34.498401163461544,93.44262295,2.1527002327307696,,,
661.0,200.41666669999998,187.0,7678.22,44.0,34.32625068269231,94.26229508,2.141958042346154,,,
662.0,200.83333330000002,187.0,7678.22,45.0,34.260833500000004,94.26229508,2.13787601,,,
663.0,201.25,188.0,7670.085999999999,44.0,34.29402566011237,95.08196721,2.1399472008651688,,,
664.0,201.66666669999998,188.0,7503.92,44.0,34.444899115168546,95.08196721,2.1493617047977533,,,
665.0,202.08333330000002,188.0,7503.92,43.0,34.59592433063492,95.08196721,2.15878567852381,,,
666.0,202.5,189.0,7453.954000000001,42.0,34.79220877714284,95.90163934,2.171033828142856,,,
667.0,202.91666669999998,189.0,7514.959,42.0,35.19379426126982,95.90163934,2.19609276226984,,,
668.0,203.33333330000002,189.0,7491.138000000001,42.0,35.435917724,95.90163934,2.2112012655846156,,,
669.0,203.75,189.0,7491.138000000001,42.0,35.496070540149255,95.90163934,2.2149548011641795,,,
670.0,204.16666669999998,189.0,7566.0869999999995,42.0,35.41444208121212,95.90163934,2.2098611856666666,,,
671.0,204.58333330000002,189.0,7622.444,42.0,35.233171906969694,95.90163934,2.1985499273333327,,,
672.0,205.0,189.0,7832.185,43.0,35.40261768830769,95.90163934,2.209123343584615,,,
673.0,205.41666669999998,189.0,7832.185,43.0,35.46519773,95.90163934,2.213028338,,,
674.0,205.83333330000002,189.0,7885.637,44.0,35.44611009875,95.90163934,2.211837269875,,,
675.0,206.25,189.0,8198.796,45.0,35.40411731,95.90163934,2.20921692,,,
676.0,206.66666669999998,189.0,8188.338000000001,46.0,35.40411731,95.90163934,2.20921692,,,
677.0,207.08333330000002,189.0,8188.338000000001,46.0,36.383110625616446,95.90163934,2.270306102958905,,,
678.0,207.5,189.0,8287.689,46.0,37.5691893,95.90163934,2.3443174123333335,,,
679.0,207.91666669999998,189.0,8212.74,46.0,38.49616604,95.90163934,2.4021607609999998,,,
680.0,208.33333330000002,189.0,8356.247,46.0,38.49616604,95.90163934,2.4021607609999998,,,
681.0,208.75,189.0,8363.219000000001,47.0,38.49616604,95.90163934,2.4021607609999998,,,
682.0,209.16666669999998,189.0,8527.642,48.0,38.02791284199999,95.90163934,2.3729417610499994,,,
683.0,209.58333330000002,190.0,8527.642,48.0,35.80382332190472,96.72131148,2.2341585752063464,,,
684.0,210.0,190.0,8403.308,49.0,34.33196144,96.72131148,2.142314394,,,
685.0,210.41666669999998,190.0,8550.301,49.0,34.61091695758061,96.72131148,2.1597212182419336,,,
686.0,210.83333330000002,190.0,8533.452,49.0,36.60345636887092,96.72131148,2.284055677112901,,,
687.0,211.25,190.0,8653.138,49.0,37.410257811694926,96.72131148,2.3344000876610176,,,
688.0,211.66666669999998,190.0,8653.138,49.0,37.16478407363636,96.72131148,2.3190825261818184,,,
689.0,212.08333330000002,190.0,8705.428,49.0,36.80271031,96.72131148,2.296489123,,,
690.0,212.5,191.0,8566.569,49.0,36.80271031,97.54098361,2.296489123,,,
691.0,212.91666669999998,191.0,8560.178,48.0,36.80271031,97.54098361,2.296489123,,,
692.0,213.33333330000002,190.0,8648.49,47.0,36.36270558820897,96.72131148,2.2690328287910457,,,
693.0,213.75,191.0,8648.49,47.0,36.13270312,97.54098361,2.254680675,,,
694.0,214.16666669999998,191.0,8660.11,47.0,36.457671405172434,97.54098361,2.274958696034484,,,
695.0,214.58333330000002,191.0,8661.271999999999,47.0,37.21569163965518,97.54098361,2.322259158793104,,,
696.0,215.0,191.0,8918.074,48.0,37.38015530703704,97.54098361,2.3325216918148155,,,
697.0,215.41666669999998,191.0,8949.448,48.0,37.187528232962954,97.54098361,2.3205017621851844,,,
698.0,215.83333330000002,191.0,9254.473,49.0,37.17982315,97.54098361,2.320020965,,,
699.0,216.25,191.0,9254.473,50.0,36.393751532500005,97.54098361,2.2709700958437504,,,
700.0,216.66666669999998,191.0,9273.065,51.0,35.88985947,97.54098361,2.239527231,,,
701.0,217.08333330000002,191.0,9196.954,51.0,35.88985947,97.54098361,2.239527231,,,
702.0,217.5,191.0,9149.312,50.0,35.88985947,97.54098361,2.239527231,,,
703.0,217.91666669999998,191.0,9077.849,50.0,37.97459772499995,97.54098361,2.3696148980833307,,,
704.0,218.33333330000002,191.0,9077.849,50.0,38.79879657,97.54098361,2.421044906,,,
705.0,218.75,191.0,8823.952,49.0,38.79879657,97.54098361,2.421044906,,,
706.0,219.16666669999998,191.0,8999.414,49.0,38.37184400000004,97.54098361,2.394403065500003,,,
707.0,219.58333330000002,191.0,8848.935,49.0,37.09098629,97.54098361,2.3144775440000003,,,
708.0,220.0,191.0,8758.88,48.0,37.09098629,97.54098361,2.3144775440000003,,,
709.0,220.41666669999998,191.0,8853.002,48.0,37.09098629,97.54098361,2.3144775440000003,,,
710.0,220.83333330000002,191.0,8953.515,49.0,37.09098629,97.54098361,2.3144775440000003,,,
711.0,221.25,191.0,9192.886999999999,51.0,37.16362214827586,97.54098361,2.3190100222241377,,,
712.0,221.66666669999998,191.0,9192.886999999999,53.0,37.961898441791064,97.54098361,2.3688224628955235,,,
713.0,222.08333330000002,192.0,9123.167,53.0,38.52281484,98.36065574,2.4038236459999998,,,
714.0,222.5,192.0,8697.294,53.0,38.52281484,98.36065574,2.4038236459999998,,,
715.0,222.91666669999998,192.0,8991.860999999999,53.0,38.642440579354904,98.36065574,2.411288292129036,,,
716.0,223.33333330000002,192.0,9058.676,52.0,40.137762321290374,98.36065574,2.5045963687419386,,,
717.0,223.75,192.0,9026.721,52.0,38.87939156307698,98.36065574,2.426074033500003,,,
718.0,224.16666669999998,192.0,9110.966,51.0,38.34472236727272,98.36065574,2.3927106758181815,,,
719.0,224.58333330000002,192.0,9110.966,51.0,38.58714518339623,98.36065574,2.4078378597358494,,,
720.0,225.0,193.0,9151.636,51.0,38.48330106280702,99.18032787,2.4013579865614036,,,
721.0,225.41666669999998,193.0,9546.135,51.0,38.268973802903226,99.18032787,2.387983965225806,,,
722.0,225.83333330000002,193.0,9879.629,52.0,38.25570725,99.18032787,2.387156132,,,
723.0,226.25,193.0,9678.603000000001,53.0,38.32361694799999,99.18032787,2.3913936972615373,,,
724.0,226.66666669999998,193.0,9454.337,53.0,38.700893048,99.18032787,2.4149357264923075,,,
725.0,227.08333330000002,193.0,9436.326,53.0,40.50229280399995,99.18032787,2.527343070799997,,,
726.0,227.5,194.0,9410.181,53.0,40.94132446,100.0,2.554738646,,,
727.0,227.91666669999998,193.0,9406.114,53.0,41.609071034615354,99.18032787,2.59640603253846,,,
728.0,228.33333330000002,194.0,9406.114,53.0,41.90584729,100.0,2.614924871,,,
729.0,228.75,194.0,9402.628,53.0,41.90584729,100.0,2.614924871,,,
730.0,229.16666669999998,194.0,9389.846,52.0,41.40110243962957,100.0,2.5834287921851815,,,
731.0,229.58333330000002,194.0,9541.487,52.0,40.63727313148935,100.0,2.5357658431276593,,,
732.0,230.0,194.0,9891.83,53.0,41.5065862267188,100.0,2.5900109805312534,,,
733.0,230.41666669999998,194.0,10009.773000000001,54.0,40.229497829636344,100.0,2.510320664163635,,,
734.0,230.83333330000002,194.0,10228.229,54.0,41.58771831145449,100.0,2.5950736223454514,,,
735.0,231.25,194.0,10299.692,54.0,41.69637595,100.0,2.601853859,,,
736.0,231.66666669999998,194.0,10174.777,54.0,41.6922303912,100.0,2.6015951761400005,,,
737.0,232.08333330000002,194.0,10228.229,55.0,41.48909801,100.0,2.588919716,,,
738.0,232.5,194.0,10277.614,56.0,41.48909801,100.0,2.588919716,,,
739.0,232.91666669999998,194.0,10468.763,57.0,41.34279389,100.0,2.579790339,,,
740.0,233.33333330000002,194.0,10626.214,58.0,41.34279389,100.0,2.579790339,,,
741.0,233.75,194.0,10626.214,59.0,40.09903828652169,100.0,2.502179989086953,,,
742.0,234.16666669999998,194.0,9949.93,59.0,39.55489521,100.0,2.468225461,,,
743.0,234.58333330000002,194.0,9945.863000000001,58.0,39.55489521,100.0,2.468225461,,,
744.0,235.0,194.0,9716.949,57.0,39.55489521,100.0,2.468225461,,,
745.0,235.41666669999998,194.0,9716.949,58.0,39.27415382789476,100.0,2.4507071990000013,,,
746.0,235.83333330000002,194.0,9524.056999999999,58.0,38.523126698823575,100.0,2.403843106088238,,,
747.0,236.25,194.0,9292.819,57.0,37.67106494,100.0,2.350674452,,,
748.0,236.66666669999998,194.0,8793.159,55.0,37.67106494,100.0,2.350674452,,,
,,,,,,,,,,
,,,,,,,,,,
,,,,,,,,,,
,,,,,,,,,,
,,,,,,,,,,
,,,,,,,,,,
,,,,,,,,,,
,,,,,,,,,,
,,,,,,,,,,
,,,,,,,,,,
,,,,,,,,,,
,,,,,,,,,,
,,,,,,,,,,
,,,,,,,,,,
,,,,,,,,,,
,,,,,,,,,,
,,,,,,,,,,
,,,,,,,,,,
,,,,,,,,,,
,,,,,,,,,,
,,,,,,,,,,
,,,,,,,,,,
,,,,,,,,,,
,,,,,,,,,,
,,,,,,,,,,
,,,,,,,,,,
,,,,,,,,,,
,,,,,,,,,,
,,,,,,,,,,
,,,,,,,,,,
,,,,,,,,,,
,,,,,,,,,,
,,,,,,,,,,
,,,,,,,,,,
,,,,,,,,,,
,,,,,,,,,,
,,,,,,,,,,
,,,,,,,,,,
,,,,,,,,,,
,,,,,,,,,,
,,,,,,,,,,
,,,,,,,,,,
,,,,,,,,,,
,,,,,,,,,,
,,,,,,,,,,
,,,,,,,,,,
,,,,,,,,,,
,,,,,,,,,,
,,,,,,,,,,
,,,,,,,,,,
,,,,,,,,,,
,,,,,,,,,,
,,,,,,,,,,
,,,,,,,,,,
,,,,,,,,,,
,,,,,,,,,,
,,,,,,,,,,
,,,,,,,,,,
,,,,,,,,,,
,,,,,,,,,,
,,,,,,,,,,
,,,,,,,,,,
,,,,,,,,,,
,,,,,,,,,,
,,,,,,,,,,
,,,,,,,,,,
,,,,,,,,,,
,,,,,,,,,,
,,,,,,,,,,
,,,,,,,,,,
,,,,,,,,,,
,,,,,,,,,,
,,,,,,,,,,
,,,,,,,,,,
,,,,,,,,,,
,,,,,,,,,,
,,,,,,,,,,
,,,,,,,,,,
,,,,,,,,,,
,,,,,,,,,,
,,,,,,,,,,
,,,,,,,,,,
,,,,,,,,,,
,,,,,,,,,,
,,,,,,,,,,
,,,,,,,,,,
,,,,,,,,,,
,,,,,,,,,,
,,,,,,,,,,
,,,,,,,,,,
,,,,,,,,,,
,,,,,,,,,,
,,,,,,,,,,
,,,,,,,,,,
,,,,,,,,,,
,,,,,,,,,,
,,,,,,,,,,
,,,,,,,,,,
,,,,,,,,,,
,,,,,,,,,,
,,,,,,,,,,
,,,,,,,,,,
,,,,,,,,,,
,,,,,,,,,,
,,,,,,,,,,
,,,,,,,,,,
,,,,,,,,,,
,,,,,,,,,,
,,,,,,,,,,
,,,,,,,,,,
,,,,,,,,,,
,,,,,,,,,,
,,,,,,,,,,
,,,,,,,,,,
,,,,,,,,,,
,,,,,,,,,,
,,,,,,,,,,
,,,,,,,,,,
,,,,,,,,,,
,,,,,,,,,,
,,,,,,,,,,
,,,,,,,,,,
,,,,,,,,,,
,,,,,,,,,,
,,,,,,,,,,
,,,,,,,,,,
,,,,,,,,,,
,,,,,,,,,,
,,,,,,,,,,
,,,,,,,,,,
,,,,,,,,,,
,,,,,,,,,,
,,,,,,,,,,
,,,,,,,,,,
,,,,,,,,,,
,,,,,,,,,,
,,,,,,,,,,
,,,,,,,,,,
,,,,,,,,,,
,,,,,,,,,,
,,,,,,,,,,
,,,,,,,,,,
,,,,,,,,,,
,,,,,,,,,,
,,,,,,,,,,
,,,,,,,,,,
,,,,,,,,,,
,,,,,,,,,,
,,,,,,,,,,
,,,,,,,,,,
,,,,,,,,,,
,,,,,,,,,,
,,,,,,,,,,
,,,,,,,,,,
,,,,,,,,,,
,,,,,,,,,,
,,,,,,,,,,
,,,,,,,,,,
,,,,,,,,,,
,,,,,,,,,,
,,,,,,,,,,
,,,,,,,,,,
,,,,,,,,,,
,,,,,,,,,,
,,,,,,,,,,
,,,,,,,,,,
,,,,,,,,,,
,,,,,,,,,,
,,,,,,,,,,
,,,,,,,,,,
,,,,,,,,,,
,,,,,,,,,,
,,,,,,,,,,
,,,,,,,,,,
,,,,,,,,,,
,,,,,,,,,,
,,,,,,,,,,
,,,,,,,,,,
,,,,,,,,,,
,,,,,,,,,,
,,,,,,,,,,
,,,,,,,,,,
,,,,,,,,,,
,,,,,,,,,,
,,,,,,,,,,
,,,,,,,,,,
,,,,,,,,,,
,,,,,,,,,,
,,,,,,,,,,
,,,,,,,,,,
,,,,,,,,,,
,,,,,,,,,,
,,,,,,,,,,
,,,,,,,,,,
,,,,,,,,,,
,,,,,,,,,,
,,,,,,,,,,
,,,,,,,,,,
,,,,,,,,,,
,,,,,,,,,,
,,,,,,,,,,
,,,,,,,,,,
,,,,,,,,,,
,,,,,,,,,,
,,,,,,,,,,
,,,,,,,,,,
,,,,,,,,,,
,,,,,,,,,,
,,,,,,,,,,
,,,,,,,,,,
,,,,,,,,,,
,,,,,,,,,,
,,,,,,,,,,
,,,,,,,,,,
,,,,,,,,,,
,,,,,,,,,,
,,,,,,,,,,
,,,,,,,,,,
